task_horizon,fold,train_end,test_start,test_end,model,MAE,RMSE,R2,total_bias,total_actual,total_predicted,nonzero_MAE,nonzero_RMSE,active_MAE,active_RMSE,n_test
12,1,60,61,72,Global mean,2.7718187102146685,5.820206326335322,-1.529972196556706e-4,-0.03247134097576943,3751,3629.199999999889,3.480833199349731,8.184334328217282,3.445694444444438,7.535403975123822,1692
12,1,60,61,72,Neighbourhood mean,1.6901497241922772,3.8095763990797624,0.5715076679656215,-0.0324713409757407,3751,3629.1999999999966,2.7275188916876574,5.41119193069616,2.614236111111111,5.028161664288671,1692
12,1,60,61,72,Recent 12-mo mean,1.7357171000788023,3.8491297513068563,0.5625637381416879,0.06424953345774558,3751,3992.0000000000036,2.8687027707808563,5.446840808862444,2.719444444444444,5.0798570764015265,1692
12,1,60,61,72,Seasonal naive,1.5171394799054365,3.1873160263043645,0.7000561702646412,0.0642495334577446,3751,3992,2.7342569269521406,4.508458325586659,2.339583333333331,4.153311931459037,1692
12,1,60,61,72,Basis OLS (log),1.4349913223994593,3.836207306011923,0.5654959632008156,-0.45127914907252376,3751,2058.2519118289633,2.764938693398194,5.575269036594974,2.2909711043261294,5.069892712658556,1692
12,1,60,61,72,Basis Ridge (tuned),1.4388825433991999,3.851828370776259,0.5619501512254179,-0.4560383656560458,3751,2040.4000904241723,2.7772960669775353,5.598599010663719,2.298736190855655,5.090687393008911,1692
12,1,60,61,72,Poisson (compact),1.606921465412759,4.455168694216203,0.41397251412975444,-0.3788688817741645,3751,2329.862824465109,2.8653872048049305,6.453772942797603,2.500509363266984,5.890950107944417,1692
12,1,60,61,72,"Poisson (area, tuned)",1.696278774662245,4.584892013042047,0.3793483675669225,-0.6053999418042079,3751,1480.1448182924164,3.3024713940119073,6.679378948436656,2.7221929547216757,6.0672254246937944,1692
12,1,60,61,72,Negative-binomial,1.5599583399518029,4.260289870876112,0.4641194695399955,-0.3277479707539698,3751,2521.6173617018594,2.757745590353395,6.168275149013858,2.417061116412915,5.631723573299179,1692
12,2,72,73,84,Global mean,2.7152840651878716,4.918289909232271,-0.0010498911986591697,-0.06876754274051139,3919,3649.499999999936,3.2776273945634866,6.623135577345416,3.533581810008994,6.647270176356143,1692
12,2,72,73,84,Neighbourhood mean,1.7853624901497243,3.501752089691988,0.49254414663096857,-0.06876754274049421,3919,3649.500000000003,2.8827764597337553,4.838532147918473,2.9523343766301515,4.8548352624999405,1692
12,2,72,73,84,Recent 12-mo mean,1.7821118991331764,3.5429301737288075,0.4805393441505572,-0.04286807859147753,3919,3750.9999999999995,2.9474100434954527,4.903589749808533,2.99452269170579,4.917064518000391,1692
12,2,72,73,84,Seasonal naive,1.654846335697399,3.441850621017647,0.5097568786753857,-0.04286807859147742,3919,3751,2.907473309608537,4.769789269948441,2.760563380281689,4.736978692811515,1692
12,2,72,73,84,Basis OLS (log),2.017098759292276,3.606112989623438,0.46184654369500455,0.43618949898764364,3919,5628.426646532575,2.7486227390038493,4.7785828965344,2.937893471563119,4.895038608585632,1692
12,2,72,73,84,Basis Ridge (tuned),2.0013557329065668,3.5744870185093998,0.4712444709392378,0.42596891815080723,3919,5588.3721902330135,2.7289884928291515,4.7371421382531125,2.9164529017670935,4.852000386041274,1692
12,2,72,73,84,Poisson (compact),7.640700060171696,16.348866387639916,-10.061213179694358,3.0524486026171145,3919,15881.546073656471,12.18577123337317,22.386453176409468,12.700801497684072,22.776042492654533,1692
12,2,72,73,84,"Poisson (area, tuned)",3.2115110672287277,7.872596088230775,-1.5648585170970408,1.0734204125062783,3919,8125.734596612105,5.123613141700622,10.965815570388253,5.324790851664061,11.006229316956121,1692
12,2,72,73,84,Negative-binomial,10.92481754342532,25.39592926739041,-25.690437397868905,4.516028554911696,3919,21617.315906698936,17.705417102861905,34.984772899114944,18.397740897427603,35.47303695444101,1692
12,3,84,85,96,Global mean,2.412278054423823,4.528982601550759,-0.0043099594261448715,0.15756434400501154,3186,3687.999999999967,2.661990682797942,6.1181113639893745,2.9473246095961128,6.077183830709741,1692
12,3,84,85,96,Neighbourhood mean,1.539907688843859,2.9708303640391325,0.5678622832084523,0.15756434400502112,3186,3687.9999999999973,2.3598856209150325,4.09941991325942,2.4846579476861166,4.115008894511635,1692
12,3,84,85,96,Recent 12-mo mean,1.6405634357762016,3.0637677093461497,0.5404019958489585,0.2300690521029507,3186,3919.000000000001,2.451593137254902,4.165185602787046,2.6482785602503913,4.220647974786994,1692
12,3,84,85,96,Seasonal naive,1.5726950354609996,3.0004924733687224,0.5591898882568423,0.2300690521029504,3186,3919,2.5539215686274526,4.016815146551885,2.4730046948356814,4.013913594911812,1692
12,3,84,85,96,Basis OLS (log),1.3296121547436321,3.1942381098124017,0.500424607141986,-0.5477039808757578,3186,1441.0151169298358,2.6071492060940513,4.583164048189043,2.275878215864915,4.436298604567897,1692
12,3,84,85,96,Basis Ridge (tuned),1.3281808869400709,3.1919747686102995,0.5011323245618713,-0.5454859592706192,3186,1448.0817337638075,2.6013200254587057,4.579667269106396,2.272549146748894,4.433244629661013,1692
12,3,84,85,96,Poisson (compact),1.5048742756160833,3.551197929820322,0.38252948751448723,-0.3804312939334598,3186,1973.945897527997,2.6232908163246336,5.047626598819994,2.472962135198412,4.944756617346026,1692
12,3,84,85,96,"Poisson (area, tuned)",1.2629460184721764,2.538620199030165,0.6844545462535594,-0.20567667745173487,3186,2530.7141056387727,2.008387429275465,3.575509292512272,1.9545392281886314,3.5022519172088677,1692
12,3,84,85,96,Negative-binomial,1.616795158244394,4.174234486847852,0.1468603066273052,-0.6931990970356589,3186,977.467676844391,3.1114866681757576,5.997938033461814,2.7816169668187594,5.833401278435045,1692
12,4,96,97,108,Global mean,2.4558314680683413,4.881889816114852,-0.006044210439240194,0.2144891122278086,2985,3625.2500000000086,2.839056913107363,6.882844840034933,3.001856709522113,6.520308611995049,1692
12,4,96,97,108,Neighbourhood mean,1.576955279747833,3.2604890087443374,0.5512477895993144,0.21448911222780767,2985,3625.250000000006,2.390481274638633,4.576235410671384,2.544044901065449,4.481070232389417,1692
12,4,96,97,108,Recent 12-mo mean,1.498817966903073,3.2256085979894045,0.5607978515807712,0.06733668341708406,2985,3185.999999999996,2.325886990801577,4.586299959747156,2.4227549467275495,4.431084848837261,1692
12,4,96,97,108,Seasonal naive,1.3835697399527225,2.7320226921721806,0.6849280620076444,0.06733668341708543,2985,3186,2.3285151116951366,3.790159469495312,2.1689497716895025,3.661785875646852,1692
12,4,96,97,108,Basis OLS (log),1.1622460683967781,2.9799634799782897,0.625145263101307,-0.3605480290096835,2985,1908.7641334060947,2.2259803566213145,4.394374095927074,1.9347964257237746,4.1010039212424685,1692
12,4,96,97,108,Basis Ridge (tuned),1.1673470684886114,3.008366725509279,0.6179654220842715,-0.37091133478935706,2985,1877.829665653769,2.2445897421575243,4.438434477691388,1.946306205577796,4.1407681957931874,1692
12,4,96,97,108,Poisson (compact),1.4572889396862685,3.6866494640845198,0.42627363056400913,-0.25413940869415075,2985,2226.39386504796,2.557617163634628,5.407271859085741,2.3241741892795824,5.070355476340392,1692
12,4,96,97,108,"Poisson (area, tuned)",1.2123638009861,2.7323301140209004,0.6848571508490089,-0.19931168642718863,2985,2390.054616014842,1.9717773193402677,3.985738600407553,1.8687707706586636,3.7477279967783534,1692
12,4,96,97,108,Negative-binomial,1.450214603661517,3.867320620515996,0.3686626582856586,-0.38550217988365815,2985,1834.2759930472805,2.6759420818780693,5.707911487379422,2.379009877058745,5.336350734127097,1692
12,5,108,109,120,Global mean,2.335806614169118,4.440300760487265,-0.005730498986897148,0.1898597626752789,2987,3554.111111111058,2.599377679818144,6.071355989807199,2.7768250158912102,5.756193081978662,1692
12,5,108,109,120,Neighbourhood mean,1.4664433937483583,2.7598368833189584,0.6114707911668297,0.18985976267529703,2987,3554.111111111112,2.146001578019122,3.779640935369082,2.2045855379188715,3.6618785877332463,1692
12,5,108,109,120,Recent 12-mo mean,1.3770685579196213,2.7117840355814393,0.6248827427325472,-6.695681285569284e-4,2987,2985.0000000000005,2.1221804511278197,3.7516751108759587,2.0955988455988455,3.6008707059917935,1692
12,5,108,109,120,Seasonal naive,1.3711583924349853,2.7829266700838193,0.6049424458292281,-6.695681285570807e-4,2987,2985,2.338345864661655,3.830035630686848,2.044372294372294,3.6236656000454044,1692
12,5,108,109,120,Basis OLS (log),1.231194825322553,2.0823205758567975,0.778816856553205,0.2532276184703261,2987,3743.390896370864,1.6981846294587157,2.7807876357000225,1.7158743861185493,2.694952365054807,1692
12,5,108,109,120,Basis Ridge (tuned),1.211688093873856,2.0609244800205424,0.7833388715700442,0.22262383671386884,2987,3651.977400264326,1.6841796756071057,2.7614511342228116,1.6950977940512384,2.670988963039035,1692
12,5,108,109,120,Poisson (compact),1.9784572815161732,3.6006621429051884,0.3386648743099878,0.5648618350317391,2987,4674.242301239805,2.996519373875035,4.928051281210465,2.877772845582566,4.716271894941143,1692
12,5,108,109,120,"Poisson (area, tuned)",1.1625018452517613,1.9525101617383276,0.8055341032752408,0.11123254919243808,2987,3319.2516244378126,1.6016239930011245,2.6594482418331804,1.6168409768446113,2.547977364503336,1692
12,5,108,109,120,Negative-binomial,3.5230536869054343,7.303966114228068,-1.7212869832574493,1.6945837693603103,2987,8048.721719079247,5.522404747466183,10.182321960900259,5.223255497096834,9.68668647385416,1692
12,6,120,121,132,Global mean,2.189559126804487,3.7525199185544524,-0.015259346009012464,0.2862817212210698,2719,3497.4000000000888,2.3308050457473874,5.038627355941032,2.52641604370328,4.858448867251665,1692
12,6,120,121,132,Neighbourhood mean,1.2567671394799054,2.2850181873734106,0.6235473956225043,0.2862817212210375,2719,3497.400000000001,1.7834499575911789,3.1011425333279723,1.888644894894895,3.068632014422704,1692
12,6,120,121,132,Recent 12-mo mean,1.144208037825059,2.211962872164208,0.6472340575244666,0.09856564913571199,2719,2987.000000000001,1.6922179813401186,3.0720011017272264,1.7347972972972974,2.9848843419024687,1692
12,6,120,121,132,Seasonal naive,1.2328605200945635,2.435212526101435,0.5724324652809547,0.09856564913571166,2719,2987,2.053435114503816,3.350211720931022,1.8941441441441413,3.2236457454087453,1692
12,6,120,121,132,Basis OLS (log),1.1782208040323374,1.9578919505577042,0.7236188462171271,0.3959376870840691,2719,3795.554571181584,1.539728077558571,2.546464658726933,1.6238811736156935,2.5573429275444206,1692
12,6,120,121,132,Basis Ridge (tuned),1.1528845577613591,1.8968951377031562,0.7405715323973536,0.36792401997304996,2719,3719.385410306723,1.5022356034579876,2.4588741802028165,1.587568917365888,2.474548794037486,1692
12,6,120,121,132,Poisson (compact),2.147958227520872,3.956738957010149,-0.12877084013177242,0.9222571868982811,2719,5226.617291176426,3.1270424423834453,5.290185150693391,3.1175522241385494,5.241303689820157,1692
12,6,120,121,132,"Poisson (area, tuned)",1.2923017077540864,2.2367863736985223,0.6392718782286209,0.4897014916680448,2719,4050.4983558454137,1.6671184021700398,2.9915566363526946,1.7806960888380974,2.9586132647293035,1692
12,6,120,121,132,Negative-binomial,3.864009292547614,8.164882592642497,-3.8065213092503543,2.1710489638273507,2719,8622.082132646567,5.943600966307656,11.317729316172615,5.8899261971242165,11.049447465506784,1692
1,1,120,121,121,Global mean,1.9359966802474724,2.491629793572451,-0.39209134127360046,1.7757142857142845,105,291.4499999999999,1.593316966721222,3.357181484492587,1.9359966802474724,2.491629793572451,141
1,1,120,121,121,Neighbourhood mean,1.4117021276595745,2.6983658189701787,-0.6326848217575365,1.7757142857142862,105,291.45000000000005,2.8600427350427347,4.765572949951615,1.4117021276595745,2.6983658189701787,141
1,1,120,121,121,Recent 12-mo mean,1.1991725768321513,2.6077735069431514,-0.5248967520846981,1.3706349206349202,105,248.91666666666663,2.3952991452991452,4.68827035455283,1.1991725768321513,2.6077735069431514,141
1,1,120,121,121,Seasonal naive,0.6879432624113473,1.7073059529625252,0.34638289233267894,-0.14285714285714285,105,90,1.9487179487179485,3.0884399845976507,0.6879432624113473,1.7073059529625252,141
1,1,120,121,121,Basis OLS (log),0.5176171286370267,1.102821157025436,0.7272838356721385,0.07778880899051127,105,113.16782494400368,1.3911705213832175,2.00003180552885,0.5176171286370267,1.102821157025436,141
1,1,120,121,121,Basis Ridge (tuned),0.5182538702597781,1.102786952135369,0.7273007524345703,0.07243934673919165,105,112.60613140761512,1.3866776773492686,1.9989539995372232,0.5182538702597781,1.102786952135369,141
1,1,120,121,121,Poisson (compact),0.6900744488969205,1.6610502924023536,0.3813197311474361,-0.1912876571952897,105,84.91479599449458,1.6128643387313262,3.0479106735531056,0.6900744488969205,1.6610502924023536,141
1,1,120,121,121,"Poisson (area, tuned)",0.6659196127031767,1.0645954003240465,0.745861845128445,0.3132764378837405,105,137.89402597779275,1.1537861601754735,1.79997905277599,0.6659196127031767,1.0645954003240465,141
1,1,120,121,121,Negative-binomial,0.7126643176800388,1.5522401197081692,0.4597204743033758,-0.07356278910215021,105,97.27590714427423,1.6230420306699642,2.8235289886624395,0.7126643176800388,1.5522401197081692,141
1,2,121,122,122,Global mean,1.8503504945333826,2.2746135360757505,-0.4444831432116152,1.5884740259740302,112,289.9090909090914,1.4388657969463765,2.6583010842899286,1.8503504945333826,2.2746135360757505,141
1,2,121,122,122,Neighbourhood mean,1.4438192368559875,2.7270618003629896,-1.0762861142884983,1.5884740259740247,112,289.90909090909076,2.4868999472481095,4.3220027047188525,1.4438192368559875,2.7270618003629896,141
1,2,121,122,122,Recent 12-mo mean,1.2387706855791962,2.3909016206225773,-0.5959550390862738,1.2336309523809519,112,250.1666666666666,2.223404255319149,3.894174894473417,1.2387706855791962,2.3909016206225773,141
1,2,121,122,122,Seasonal naive,0.7588652482269505,1.3709240037702581,0.47528437017272773,-0.08035714285714286,112,103,1.7659574468085106,2.148725500522518,0.7588652482269505,1.3709240037702581,141
1,2,121,122,122,Basis OLS (log),0.5840619007918529,0.9725870431582638,0.7359086365796809,0.07371424870221853,112,120.25599585464848,1.265194684967009,1.5123264536664176,0.5840619007918529,0.9725870431582638,141
1,2,121,122,122,Basis Ridge (tuned),0.5766505635941152,0.955383198033111,0.745168894647879,0.06219105988670342,112,118.96539870731078,1.2453253909109325,1.4819001460825192,0.5766505635941152,0.955383198033111,141
1,2,121,122,122,Poisson (compact),0.7322576846915758,1.3546599460985473,0.48766052427332707,-0.15249769540063746,112,94.9202581151286,1.4668976383224839,2.21544256071852,0.7322576846915758,1.3546599460985473,141
1,2,121,122,122,"Poisson (area, tuned)",0.6553211574822178,0.8724666085496117,0.787482416785561,0.20177337353844976,112,134.59861783630637,0.9989918786867243,1.2423513506380741,0.6553211574822178,0.8724666085496117,141
1,2,121,122,122,Negative-binomial,0.7276053827185152,1.2513149691696546,0.5628499630351773,-0.054156904721996364,112,105.93442667113641,1.404639817734381,2.0254503385786715,0.7276053827185152,1.2513149691696546,141
1,3,122,123,123,Global mean,1.9354276799415537,2.300765029072068,-0.32384604927869143,1.2535220286885194,128,288.4508196721305,1.7075870854248496,2.7536625704115694,1.9354276799415537,2.300765029072068,141
1,3,122,123,123,Neighbourhood mean,1.3904778514126264,2.5793800234210846,-0.6638861722495943,1.2535220286885251,128,288.4508196721312,2.5276193870277974,4.218925309438911,1.3904778514126264,2.5793800234210846,141
1,3,122,123,123,Recent 12-mo mean,1.142434988179669,2.323910812772521,-0.35061591149240656,0.9602864583333333,128,250.91666666666666,2.1340579710144927,3.8982375554405793,1.142434988179669,2.323910812772521,141
1,3,122,123,123,Seasonal naive,0.7446808510638298,1.5551333435792756,0.3951771158297259,-0.2421875,128,97,1.9130434782608698,2.61267811957802,0.7446808510638298,1.5551333435792756,141
1,3,122,123,123,Basis OLS (log),0.6468656423681924,1.177335433232993,0.6533482650830319,0.21950002255366452,128,156.09600288686906,1.2810389344886017,1.9098810375760318,0.6468656423681924,1.177335433232993,141
1,3,122,123,123,Basis Ridge (tuned),0.6323524142158696,1.140733254767051,0.6745673271615751,0.19942523982022964,128,153.5264306969894,1.2472668687362347,1.8454766950022554,0.6323524142158696,1.140733254767051,141
1,3,122,123,123,Poisson (compact),0.852763785945261,1.309714467774005,0.5710109583442375,0.22495135158772794,128,156.79377300322918,1.4257291791814959,1.960305939914977,0.852763785945261,1.309714467774005,141
1,3,122,123,123,"Poisson (area, tuned)",0.6853059421795814,0.9524043089426786,0.77315163591003,0.25027101898728343,128,160.03469043037228,0.9919428546689217,1.4020026502207454,0.6853059421795814,0.9524043089426786,141
1,3,122,123,123,Negative-binomial,0.8845256413209881,1.3629860053202576,0.5354037053091427,0.3346287107018102,128,170.8324749698317,1.4570647790458187,2.031026498262309,0.8845256413209881,1.3629860053202576,141
1,4,123,124,124,Global mean,2.1330452779403304,3.382523554384395,-0.03536571800100585,0.4429464395146443,199,287.1463414634142,2.267228413358782,4.64532894614528,2.1330452779403304,3.382523554384395,141
1,4,123,124,124,Neighbourhood mean,1.0704030444559764,1.6195714983120304,0.7626373551231498,0.4429464395146466,199,287.14634146341467,1.4441229158054294,2.161111754856606,1.0704030444559764,1.6195714983120304,141
1,4,123,124,124,Recent 12-mo mean,0.9633569739952719,1.4673690022656491,0.8051543103108207,0.27386934673366775,199,253.4999999999999,1.3531073446327684,2.0127302011257098,0.9633569739952719,1.4673690022656491,141
1,4,123,124,124,Seasonal naive,0.9078014184397165,1.6885093514065102,0.7420003823430347,-0.21105527638190955,199,157,1.6949152542372883,2.4425604792748232,0.9078014184397165,1.6885093514065102,141
1,4,123,124,124,Basis OLS (log),0.8274235793781084,1.227479616919766,0.8636545341328303,0.06343459642567478,199,211.62348468870928,1.193699852793925,1.6819927086134934,0.8274235793781084,1.227479616919766,141
1,4,123,124,124,Basis Ridge (tuned),0.824701896402154,1.2316553848750178,0.862725287811593,0.04389194841279813,199,207.73449773414683,1.201282445299158,1.6972512079247444,0.824701896402154,1.2316553848750178,141
1,4,123,124,124,Poisson (compact),1.4285909917334096,2.265298454653238,0.5356312570003501,0.38000837819514593,199,274.62166726083404,2.1442097848089623,3.201615289577354,1.4285909917334096,2.265298454653238,141
1,4,123,124,124,"Poisson (area, tuned)",0.9394486961612941,1.3278893786238406,0.8404356320803167,0.06591692686179866,199,212.11746844549793,1.273336057713552,1.8204565292777068,0.9394486961612941,1.3278893786238406,141
1,4,123,124,124,Negative-binomial,1.4286697252281013,2.344910874886225,0.502417837263582,0.45432578443176275,199,289.4108311019208,2.124866605520615,3.354509985448804,1.4286697252281013,2.344910874886225,141
1,5,124,125,125,Global mean,2.3128201508653907,3.9698565092025873,-0.002430901425096277,-0.08778508321348105,314,286.43548387096695,2.498188595960004,4.839815749025017,2.498188595960004,4.839815749025017,141
1,5,124,125,125,Neighbourhood mean,1.1656371539693433,1.781376756627932,0.7981557463963798,-0.0877850832134787,314,286.4354838709677,1.5104364326375712,2.1517657388344045,1.5104364326375712,2.1517657388344045,141
1,5,124,125,125,Recent 12-mo mean,1.0709219858156027,1.6992094764212131,0.8163467280948724,-0.18152866242038215,314,257,1.4303921568627451,2.0935826315897152,1.4303921568627451,2.0935826315897152,141
1,5,124,125,125,Seasonal naive,1.4893617021276595,2.405667068102565,0.6318914768364472,-0.17834394904458598,314,258,2,2.8819927746164065,2,2.8819927746164065,141
1,5,124,125,125,Basis OLS (log),1.1596417888689508,1.7444825526805767,0.8064299832789781,-0.12623137226988718,314,274.36334910725543,1.450629374837547,2.1155291945384116,1.450629374837547,2.1155291945384116,141
1,5,124,125,125,Basis Ridge (tuned),1.1631557321205748,1.7503269513665225,0.8051308067390721,-0.14123645247360211,314,269.65175392328894,1.4632144028647218,2.12702675407275,1.4632144028647218,2.12702675407275,141
1,5,124,125,125,Poisson (compact),1.956077549605386,3.005351739553204,0.42549284291535816,0.2915105162534367,314,405.53430210357914,2.342901817272112,3.419373998643733,2.342901817272112,3.419373998643733,141
1,5,124,125,125,"Poisson (area, tuned)",1.2091784770667398,1.7929206769712802,0.7955312327351303,-0.07214410456864062,314,291.34675116544685,1.4326742723642438,2.135650183979814,1.4326742723642438,2.135650183979814,141
1,5,124,125,125,Negative-binomial,2.0096704964589676,3.29947038347226,0.3075422249947086,0.32788148485699176,314,416.9547862450954,2.460047430426823,3.8441343178761613,2.460047430426823,3.8441343178761613,141
1,6,125,126,126,Global mean,1.9750113173381625,3.5283665443237413,-2.1795877988539658e-4,-0.024979591836735253,294,286.65599999999984,1.9431377133504795,4.125373723824254,1.9431377133504795,4.125373723824254,141
1,6,125,126,126,Neighbourhood mean,1.0725673758865248,1.5276213559296028,0.8125097452111925,-0.024979591836734674,294,286.656,1.3538461538461537,1.8218120673634832,1.3538461538461537,1.8218120673634832,141
1,6,125,126,126,Recent 12-mo mean,0.950354609929078,1.3901885172433188,0.8447274622957178,-0.10997732426303829,294,261.66666666666674,1.2206959706959708,1.6780517731457971,1.2206959706959708,1.6780517731457971,141
1,6,125,126,126,Seasonal naive,1.375886524822695,2.3879128249528847,0.5418747878376409,0.1564625850340136,294,340,1.7582417582417582,2.8361868845257794,1.7582417582417582,2.8361868845257794,141
1,6,125,126,126,Basis OLS (log),1.1430039630929736,1.656535526770792,0.7795303737902592,0.17953947016258118,294,346.78460422779887,1.256237845589274,1.9144587698556903,1.256237845589274,1.9144587698556903,141
1,6,125,126,126,Basis Ridge (tuned),1.1253238544750206,1.5924193910622864,0.7962666286871918,0.1601344445111486,294,341.0795266862777,1.2352637889885567,1.832037330692208,1.2352637889885567,1.832037330692208,141
1,6,125,126,126,Poisson (compact),2.2092123540211404,3.4800728079386896,0.02697518279097466,0.6499786309725196,294,485.0937175059208,2.623226788392749,4.113785823937737,2.623226788392749,4.113785823937737,141
1,6,125,126,126,"Poisson (area, tuned)",1.3316928718884675,2.1778483557743877,0.6189319568111996,0.30368651550989606,294,383.28383555990945,1.4783964767336122,2.564011040412394,1.4783964767336122,2.564011040412394,141
1,6,125,126,126,Negative-binomial,2.524279650413809,4.443825360843237,-0.586577252464267,0.8790067642446823,294,552.4279886879366,3.0759164004489223,5.359649851155539,3.0759164004489223,5.359649851155539,141
1,7,126,127,127,Global mean,2.538813080687232,4.934374689037458,-0.010609277720717403,-0.1991221069433366,358,286.7142857142855,2.834090365766196,6.013153201488277,2.834090365766196,6.013153201488277,141
1,7,126,127,127,Neighbourhood mean,1.1639085894405043,1.7522720657215645,0.8725552037102069,-0.19912210694333612,358,286.71428571428567,1.4789548778312824,2.098111150422907,1.4789548778312824,2.098111150422907,141
1,7,126,127,127,Recent 12-mo mean,1.2695035460992907,2.0467834035443095,0.826114725257595,-0.2797951582867786,358,257.83333333333326,1.701310861423221,2.519353924075884,1.701310861423221,2.519353924075884,141
1,7,126,127,127,Seasonal naive,1.851063829787234,3.243105070214947,0.5634428851188563,0.32122905027932963,358,473,2.426966292134831,3.903326152934159,2.426966292134831,3.903326152934159,141
1,7,126,127,127,Basis OLS (log),1.1540499782847198,1.557236349420372,0.89934668163226394,-0.019907490656984217,358,350.87311834479965,1.2366479800885886,1.743095477566378,1.2366479800885886,1.743095477566378,141
1,7,126,127,127,Basis Ridge (tuned),1.1674580310946552,1.5868870643906448,0.8954771911125123,-0.030500205664873797,358,347.0809263719752,1.2618868667398566,1.7894586291692063,1.2618868667398566,1.7894586291692063,141
1,7,126,127,127,Poisson (compact),2.173333786886018,3.4123351992812596,0.5166937578131972,0.16529030839883765,358,417.1739304067839,2.6751494715681954,4.069657562463522,2.6751494715681954,4.069657562463522,141
1,7,126,127,127,"Poisson (area, tuned)",1.1919325573195427,1.5625293082592628,0.8986612888573636,0.10783578974587663,358,396.60521272902383,1.2328666913624446,1.7017545540547145,1.2328666913624446,1.7017545540547145,141
1,7,126,127,127,Negative-binomial,2.37502067050146,3.9665079367940206,0.34696615903584305,0.41344849765042574,358,506.0145621588524,2.903006579294944,4.765390583251496,2.903006579294944,4.765390583251496,141
1,8,127,128,128,Global mean,2.719375956230912,5.916283651487026,-0.014498333435262412,-0.2576858125292471,387,287.2755905511814,3.105820194461508,7.244642435143796,3.105820194461508,7.244642435143796,141
1,8,127,128,128,Neighbourhood mean,1.3754956162394596,2.773511719296484,0.7770469729947792,-0.2576858125292478,387,287.2755905511811,1.8654418197725284,3.4321571259461376,1.8654418197725284,3.4321571259461376,141
1,8,127,128,128,Recent 12-mo mean,1.4592198581560283,3.219089840483367,0.6996555871910674,-0.3585271317829458,387,248.24999999999997,2.0305555555555554,4.000626879890046,2.0305555555555554,4.000626879890046,141
1,8,127,128,128,Seasonal naive,1.7659574468085109,3.413573240682489,0.6622683099638738,0.059431524547803614,387,410,2.2777777777777772,4.113662871726635,2.2777777777777772,4.113662871726635,141
1,8,127,128,128,Basis OLS (log),1.418806771025317,2.8319847402305194,0.7675469867433037,-0.20889014384770216,387,306.15951433093926,1.805937523708166,3.4873761914211734,1.805937523708166,3.4873761914211734,141
1,8,127,128,128,Basis Ridge (tuned),1.4278460663395762,2.8686137146913424,0.7614949915740843,-0.211011968582672,387,305.33836815850594,1.8156644825300778,3.5328657450296608,1.8156644825300778,3.5328657450296608,141
1,8,127,128,128,Poisson (compact),2.087337471707738,4.1132865331074395,0.509621647929476,-0.051662027708636545,387,367.00679527675766,2.605938740424191,4.929983814375659,2.605938740424191,4.929983814375659,141
1,8,127,128,128,"Poisson (area, tuned)",1.4254093901326133,2.354487120643129,0.8393258538192432,-0.030110558979690286,387,375.34721367485986,1.6573584798356256,2.8163727967115078,1.6573584798356256,2.8163727967115078,141
1,8,127,128,128,Negative-binomial,2.1569265565649394,3.9316054818940116,0.5519843072886831,0.093294448668443,387,423.10495163468744,2.6375353734509868,4.615948646788402,2.6375353734509868,4.615948646788402,141
1,9,128,129,129,Global mean,2.324367879508073,4.434345604668054,-4.977087755950738e-4,-0.046176531456953454,302,288.05468750000006,2.5210275944202345,5.521560240838735,2.5210275944202345,5.521560240838735,141
1,9,128,129,129,Neighbourhood mean,1.0649933510638299,1.7828892437376767,0.8382643524338469,-0.04617653145695364,302,288.0546875,1.383942018072289,2.227197185486792,1.383942018072289,2.227197185486792,141
1,9,128,129,129,Recent 12-mo mean,1.0319148936170213,1.885983720547088,0.819019034262013,-0.18432671081677682,302,246.3333333333334,1.4056224899598393,2.390017167632829,1.4056224899598393,2.390017167632829,141
1,9,128,129,129,Seasonal naive,1.8085106382978724,3.417726007717674,0.405664723315606,0.347682119205298,302,407,2.469879518072289,4.280806139597923,2.469879518072289,4.280806139597923,141
1,9,128,129,129,Basis OLS (log),1.0873162078274892,1.9564799261740158,0.8052363904857102,-0.19198656640583583,302,244.02005694543757,1.4517998633781346,2.4849654929056557,1.4517998633781346,2.4849654929056557,141
1,9,128,129,129,Basis Ridge (tuned),1.0931109851861005,1.9619276564403691,0.8041502594431289,-0.1873107899521722,302,245.432141434444,1.4520709069744697,2.4904589609424552,1.4520709069744697,2.4904589609424552,141
1,9,128,129,129,Poisson (compact),1.6301438364580816,3.0287924354235587,0.5332374047634174,0.042156715892406736,302,314.73132819950683,2.131380864235893,3.822068471477598,2.131380864235893,3.822068471477598,141
1,9,128,129,129,"Poisson (area, tuned)",1.174927731136617,1.7814962699003962,0.8385169822764849,0.08803552077424642,302,328.5867272738224,1.3516647780976243,2.1664583761911858,1.3516647780976243,2.1664583761911858,141
1,9,128,129,129,Negative-binomial,1.6785784856759096,3.1154990158814284,0.5061304401482187,0.12006146798370668,302,338.2585633310794,2.1982231733586706,3.9439358397417204,2.1982231733586706,3.9439358397417204,141
1,10,129,130,130,Global mean,2.3267008467825425,4.239603330942155,-0.002552474897797863,0.1169100414638586,258,288.1627906976755,2.6305022751307345,5.725928151643017,2.3267008467825425,4.239603330942155,141
1,10,129,130,130,Neighbourhood mean,1.1517400626752432,2.076130200874977,0.7595826332272946,0.11691004146385398,258,288.1627906976743,1.564751481988144,2.6793672041067293,1.1517400626752432,2.076130200874977,141
1,10,129,130,130,Recent 12-mo mean,1.0289598108747045,2.0182261520033915,0.7728062798557574,-0.07913436692506434,258,237.5833333333334,1.4669117647058825,2.7305648641122193,1.0289598108747045,2.0182261520033915,141
1,10,129,130,130,Seasonal naive,1.702127659574468,3.1846261902507815,0.4343163990169353,0.3178294573643411,258,340,2.455882352941176,4.156851183853697,1.702127659574468,3.1846261902507815,141
1,10,129,130,130,Basis OLS (log),1.088960225862095,2.3616282791024146,0.688914516811393,-0.3286024152884662,258,173.22057685557573,1.8526370073706535,3.3036617020228847,1.088960225862095,2.3616282791024146,141
1,10,129,130,130,Basis Ridge (tuned),1.0885122778504792,2.357045241305648,0.6901207465543491,-0.3183485372612905,258,175.86607738658705,1.8325428431128623,3.294299673470562,1.0885122778504792,2.357045241305648,141
1,10,129,130,130,Poisson (compact),1.4928506753376427,2.998181985320805,0.49861349018839707,-0.1537144647861519,258,218.3416680851728,2.2502468453789835,4.155045622274775,1.4928506753376427,2.998181985320805,141
1,10,129,130,130,"Poisson (area, tuned)",1.172413898786594,2.162746341246491,0.7391037504773674,-0.01940349063236495,258,252.99389941684984,1.519716835284219,2.880703519451397,1.172413898786594,2.162746341246491,141
1,10,129,130,130,Negative-binomial,1.4388585764109842,2.9733749335878117,0.506876140870228,-0.14477411514043648,258,220.6482782937674,2.1906019072234706,4.137318128528901,1.4388585764109842,2.9733749335878117,141
1,11,130,131,131,Global mean,2.1737635082587543,3.367198785052133,-0.05238959741267801,0.5820371935756522,182,287.9307692307687,2.3924373899885745,4.820749796322977,2.1737635082587543,3.367198785052133,141
1,11,130,131,131,Neighbourhood mean,1.0937806873977087,1.776233797865352,0.7071540019630868,0.582037193575656,182,287.9307692307694,1.4526850507982583,2.334531157694758,1.0937806873977087,1.776233797865352,141
1,11,130,131,131,Recent 12-mo mean,0.8634751773049646,1.2670624303962574,0.850983258633301,0.26785714285714285,182,230.75,1.1729559748427674,1.5441612487898249,0.8634751773049646,1.2670624303962574,141
1,11,130,131,131,Seasonal naive,0.8865248226950355,1.541391100539605,0.7794714972687806,0.005494505494505495,182,183,1.509433962264151,2.136828897185981,0.8865248226950355,1.541391100539605,141
1,11,130,131,131,Basis OLS (log),0.7654845459605032,1.5811155755379285,0.7679581772489344,-0.3256674823957637,182,122.728518203971,1.6384678445957714,2.471597892021734,0.7654845459605032,1.5811155755379285,141
1,11,130,131,131,Basis Ridge (tuned),0.7668158999255694,1.5749355267058203,0.7697685790283284,-0.3132716217622274,182,124.98456483927461,1.6204468634253348,2.456848321055643,0.7668158999255694,1.5749355267058203,141
1,11,130,131,131,Poisson (compact),1.1489034318974678,2.4752820989923117,0.4312931797144869,-0.2542613235576366,182,135.72443911251014,2.1124755711133356,3.8778623584629437,1.1489034318974678,2.4752820989923117,141
1,11,130,131,131,"Poisson (area, tuned)",0.9295596647272666,1.497770921228705,0.7917764609019999,0.04116937940597029,182,189.4928270518866,1.3128525619293492,2.1566742326064965,0.9295596647272666,1.497770921228705,141
1,11,130,131,131,Negative-binomial,1.119563252475486,2.4685981904057552,0.4343603471336859,-0.2877730591002423,182,129.6253032437559,2.1427286843730866,3.9051967961192595,1.119563252475486,2.4685981904057552,141
1,12,131,132,132,Global mean,1.8619922124426598,2.0401332665876124,-1.0765805009797687,2.589026717557244,80,287.1221374045795,1.3535151197974002,2.051193910786297,1.8619922124426598,2.0401332665876124,141
1,12,131,132,132,Neighbourhood mean,1.5406312598126792,3.2846464067282355,-4.382808698168131,2.589026717557252,80,287.12213740458014,3.121925360474979,5.935844817872956,1.5406312598126792,3.2846464067282355,141
1,12,131,132,132,Recent 12-mo mean,1.1583924349881796,2.4825236276538702,-2.0748113665261347,1.8833333333333317,80,230.66666666666654,2.259259259259259,4.462506700205918,1.1583924349881796,2.4825236276538702,141
1,12,131,132,132,Seasonal naive,0.815602836879433,1.8003151812316232,-0.6170698654888591,0.6125,80,129,1.7777777777777777,2.9439202887759492,0.815602836879433,1.8003151812316232,141
1,12,131,132,132,Basis OLS (log),0.47593482014681426,1.1722061234290524,0.3144491588087074,0.15970786928207162,80,92.77662954256573,1.3161080559147451,2.1215630176082416,0.47593482014681426,1.1722061234290524,141
1,12,131,132,132,Basis Ridge (tuned),0.47978176496436065,1.1684802540871715,0.3188002936801442,0.17937086505049837,80,94.34966920403987,1.305858009198058,2.1062882358164035,0.47978176496436065,1.1684802540871715,141
1,12,131,132,132,Poisson (compact),0.596704800924186,1.0450245403879554,0.4551403151538441,0.019501451325764484,80,81.56011610606116,1.2856820842222692,1.8189289416944752,0.596704800924186,1.0450245403879554,141
1,12,131,132,132,"Poisson (area, tuned)",0.699606929174353,1.2138110874685024,0.26492120116798645,0.7838127588948275,80,142.7050207115862,1.116646011733465,2.0366776030890748,0.699606929174353,1.2138110874685024,141
1,12,131,132,132,Negative-binomial,0.5910236401618701,1.096839942398981,0.39976929081544266,-0.044346770630566114,80,76.45225834955471,1.357412129637161,1.9567078969942844,0.5910236401618701,1.096839942398981,141
