neighborhood,actual_total,predicted_total,rel_bias
Agincourt North (129),5,0.19003323308874703,-0.9619933533822506
Agincourt South-Malvern West (128),4,0.8471135258831024,-0.7882216185292243
Alderwood (20),1,0.40090123447371584,-0.5990987655262842
Annex (95),80,60.12886857324183,-0.2483891428344771
Banbury-Don Mills (42),4,1.2125056320471514,-0.6968735919882121
Bathurst Manor (34),4,0.8646814671211681,-0.783829633219708
Bay Street Corridor (76),189,141.08099911590529,-0.25353968721743236
Bayview Village (52),7,3.6974198014292647,-0.47179717122439074
Bayview Woods-Steeles (49),3,0.06262927212988754,-0.9791235759567042
Bedford Park-Nortown (39),4,1.9031102977901273,-0.5242224255524681
Beechborough-Greenbrook (112),3,0.016849445356978885,-0.9943835182143403
Bendale (127),13,1.6257708808323614,-0.8749407014744338
Birchcliffe-Cliffside (122),4,2.429396960341015,-0.3926507599147463
Black Creek (24),8,0.7966391156274225,-0.9004201105465722
Blake-Jones (69),3,3.3649670148779864,0.12165567162599548
Briar Hill-Belgravia (108),5,1.559749910149408,-0.6880500179701184
Bridle Path-Sunnybrook-York Mills (41),0,0.6777473811121836,NA
Broadview North (57),7,2.59197629265478,-0.6297176724778887
Brookhaven-Amesbury (30),2,0.5471525298828595,-0.7264237350585703
Cabbagetown-South St.James Town (71),21,22.805110747744333,0.08595765465449205
Caledonia-Fairbank (109),2,0.30373778106576893,-0.8481311094671156
Casa Loma (96),11,3.8608912435400984,-0.6490098869509001
Centennial Scarborough (133),1,0.15685938465353666,-0.8431406153464633
Church-Yonge Corridor (75),178,133.53383303780245,-0.2498099267539188
Clairlea-Birchmount (120),2,2.171442131437089,0.08572106571854454
Clanton Park (33),18,1.4055125052254802,-0.9219159719319178
Cliffcrest (123),3,0.44718169736722885,-0.8509394342109237
Corso Italia-Davenport (92),10,2.54720326823793,-0.745279673176207
Danforth (66),4,7.209755418294114,0.8024388545735286
Danforth East York (59),6,2.1240981346364216,-0.6459836442272631
Don Valley Village (47),4,0.9853958754595478,-0.753651031135113
Dorset Park (126),8,1.1777141839259841,-0.852785727009252
Dovercourt-Wallace Emerson-Junction (93),64,39.44233349675779,-0.38371353911315953
Downsview-Roding-CFB (26),14,3.778576788021903,-0.7301016579984355
Dufferin Grove (83),26,15.534354988842935,-0.40252480812142555
East End-Danforth (62),16,15.7074502050509,-0.018284362184318725
Edenbridge-Humber Valley (9),0,0.541963521531756,NA
Eglinton East (138),6,0.7840156746034873,-0.8693307208994189
Elms-Old Rexdale (5),1,0.1592627994701598,-0.8407372005298401
Englemount-Lawrence (32),6,3.043955178484543,-0.49267413691924283
Eringate-Centennial-West Deane (11),0,0.21171521124549075,NA
Etobicoke West Mall (13),2,0.3074197319042592,-0.8462901340478703
Flemingdon Park (44),11,0.7673536703354964,-0.9302405754240458
Forest Hill North (102),3,2.224857326809416,-0.25838089106352796
Forest Hill South (101),4,2.627845452404303,-0.3430386368989242
Glenfield-Jane Heights (25),4,1.8490006319318633,-0.5377498420170341
Greenwood-Coxwell (65),16,10.508184886217302,-0.3432384446114186
Guildwood (140),3,0.1888412869318674,-0.9370529043560442
Henry Farm (53),6,0.6635091930580717,-0.8894151344903213
High Park North (88),19,19.130946944445174,0.006891944444482857
High Park-Swansea (87),18,8.970594450573891,-0.5016336416347839
Highland Creek (134),2,0.5319021448505136,-0.7340489275747433
Hillcrest Village (48),6,0.43302319679479234,-0.9278294672008679
Humber Heights-Westmount (8),1,0.10885074453756013,-0.8911492554624398
Humber Summit (21),0,0.37731704088776385,NA
Humbermede (22),1,0.17554915036537003,-0.82445084963463
Humewood-Cedarvale (106),6,5.9825405697554634,-0.0029099050407560925
Ionview (125),0,0.15822429452473047,NA
Islington-City Centre West (14),27,7.934168227001337,-0.706141917518469
Junction Area (90),17,6.895601944476405,-0.5943763562072704
Keelesdale-Eglinton West (110),1,0.31464846842049005,-0.68535153157951
Kennedy Park (124),6,0.9265272533477829,-0.8455787911087028
Kensington-Chinatown (78),87,58.68670948625827,-0.32544012084760604
Kingsview Village-The Westway (6),1,0.3219970115909516,-0.6780029884090484
Kingsway South (15),6,1.8264398567862987,-0.6955933572022835
L'Amoreaux (117),9,1.308180593281528,-0.8546466007464969
Lambton Baby Point (114),2,0.7115667404998288,-0.6442166297500855
Lansing-Westgate (38),8,1.3080597906166624,-0.8364925261729173
Lawrence Park North (105),5,2.9008644263791172,-0.41982711472417655
Lawrence Park South (103),3,2.6088071871079737,-0.13039760429734212
Leaside-Bennington (56),2,6.218724878265947,2.1093624391329735
Little Portugal (84),29,17.79954399439615,-0.3862226208828914
Long Branch (19),5,3.2161041172189067,-0.35677917655621866
Malvern (132),8,1.1522165742044574,-0.8559729282244428
Maple Leaf (29),0,0.0021322137909271766,NA
Markland Wood (12),1,0.5717974207189305,-0.42820257928106953
Milliken (130),3,0.16716778776598007,-0.9442774040780066
Mimico (includes Humber Bay Shores) (17),35,18.52427764030341,-0.4707349245627597
Morningside (135),0,0.061253887744546036,NA
Moss Park (73),62,53.335893595306366,-0.139743651688607
Mount Dennis (115),1,0.2608162494401265,-0.7391837505598735
Mount Olive-Silverstone-Jamestown (2),4,1.2575175156722584,-0.6856206210819353
Mount Pleasant East (99),6,4.960370913730607,-0.17327151437823218
Mount Pleasant West (104),20,20.941067149515494,0.04705335747577468
NSA,14,9.95479684391832,-0.28894308257726287
New Toronto (18),9,3.0452325187496503,-0.6616408312500389
Newtonbrook East (50),2,1.3335614842424421,-0.33321925787877893
Newtonbrook West (36),20,5.622122250083441,-0.7188938874958279
Niagara (82),57,60.09658429289634,0.05432604022625155
North Riverdale (68),13,8.959494975619654,-0.31080807879848815
North St.James Town (74),24,19.457879660077623,-0.18925501416343238
O'Connor-Parkview (54),1,1.175660139119773,0.17566013911977296
Oakridge (121),5,1.5472008943900473,-0.6905598211219905
Oakwood Village (107),12,2.6944666214238704,-0.7754611148813441
Old East York (58),0,0.5696733769326805,NA
Palmerston-Little Italy (80),38,20.814704745258958,-0.45224461196686955
Parkwoods-Donalda (45),2,1.0409651925662244,-0.4795174037168878
Pelmo Park-Humberlea (23),5,0.1400489644526196,-0.9719902071094761
Playter Estates-Danforth (67),13,5.195742396314407,-0.6003275079758148
Pleasant View (46),1,0.35173170894208017,-0.6482682910579198
Princess-Rosethorn (10),1,0.29929972892198525,-0.7007002710780148
Regent Park (72),20,11.415896559033852,-0.4292051720483074
Rexdale-Kipling (4),0,0.03563834410231997,NA
Rockcliffe-Smythe (111),6,1.43728188733916,-0.7604530187768067
Roncesvalles (86),16,14.360032693362822,-0.10249795666482364
Rosedale-Moore Park (98),30,25.596001312441114,-0.14679995625196288
Rouge (131),2,1.5119495981739361,-0.24402520091303193
Runnymede-Bloor West Village (89),3,2.720127504668606,-0.09329083177713127
Rustic (28),3,0.021750848420562078,-0.992749717193146
Scarborough Village (139),6,0.6059136341525421,-0.8990143943079096
South Parkdale (85),30,16.138805687364854,-0.46203981042117154
South Riverdale (70),29,43.21971899402176,0.4903351377248883
St.Andrew-Windfields (40),2,1.2358670959605702,-0.3820664520197149
Steeles (116),1,0.07699831072056085,-0.9230016892794392
Stonegate-Queensway (16),9,2.0576535675832903,-0.7713718258240788
Tam O'Shanter-Sullivan (118),3,1.1767324649362458,-0.6077558450212514
Taylor-Massey (61),4,2.684820952773054,-0.3287947618067365
The Beaches (63),15,11.94694332811978,-0.20353711145868136
Thistletown-Beaumond Heights (3),2,0.05238449765703493,-0.9738077511714825
Thorncliffe Park (55),4,2.5317748265639723,-0.3670562933590069
Trinity-Bellwoods (81),32,21.68606821626964,-0.3223103682415738
University (79),59,41.15326964857348,-0.3024869551089241
Victoria Village (43),1,0.12524495100621863,-0.8747550489937814
Waterfront Communities-The Island (77),264,168.21035892145818,-0.36283954953993114
West Hill (136),17,3.4203994644605675,-0.7988000315023196
West Humber-Clairville (1),5,1.937444671355706,-0.6125110657288587
Westminster-Branson (35),8,1.8342893707866126,-0.7707138286516735
Weston (113),1,1.575047060914729,0.5750470609147289
Weston-Pelham Park (91),8,0.9861355939213506,-0.8767330507598312
Wexford/Maryvale (119),13,2.503114897048548,-0.8074527002270349
Willowdale East (51),25,14.644929131681598,-0.41420283473273606
Willowdale West (37),17,4.347659054166453,-0.7442553497549146
Willowridge-Martingrove-Richview (7),3,0.372324860797853,-0.8758917130673823
Woburn (137),7,2.1885338146481943,-0.6873523121931152
Woodbine Corridor (64),3,4.817680948603814,0.6058936495346048
Woodbine-Lumsden (60),2,0.612997302538006,-0.693501348730997
Wychwood (94),10,5.267267809421619,-0.4732732190578381
Yonge-Eglinton (100),8,5.462656788518382,-0.31716790143520224
Yonge-St.Clair (97),10,4.245037446043362,-0.5754962553956637
York University Heights (27),18,8.825346970010068,-0.5097029461105518
Yorkdale-Glen Park (31),15,4.659414518529881,-0.6893723654313412
