neighborhood,lon,lat,n_events,period_start,period_end,source,source_version
Agincourt North (129),-79.26928393506104,43.810980375100264,13,2014-01-01,2017-12-31,"Toronto Police Service Bicycle Thefts Open Data; median of event coordinates within the frozen training period (training-period estimate, not an official centroid)",bicycle.csv sha256:bd942a7bcbe33ba673b7fdec9b2ff2b747cb0d530af4522e5d003d78fb3f640b
Agincourt South-Malvern West (128),-79.28002861084076,43.7889253690791,17,2014-01-01,2017-12-31,"Toronto Police Service Bicycle Thefts Open Data; median of event coordinates within the frozen training period (training-period estimate, not an official centroid)",bicycle.csv sha256:bd942a7bcbe33ba673b7fdec9b2ff2b747cb0d530af4522e5d003d78fb3f640b
Alderwood (20),-79.54538918515296,43.6065751977772,14,2014-01-01,2017-12-31,"Toronto Police Service Bicycle Thefts Open Data; median of event coordinates within the frozen training period (training-period estimate, not an official centroid)",bicycle.csv sha256:bd942a7bcbe33ba673b7fdec9b2ff2b747cb0d530af4522e5d003d78fb3f640b
Annex (95),-79.40380913861458,43.670104609767606,487,2014-01-01,2017-12-31,"Toronto Police Service Bicycle Thefts Open Data; median of event coordinates within the frozen training period (training-period estimate, not an official centroid)",bicycle.csv sha256:bd942a7bcbe33ba673b7fdec9b2ff2b747cb0d530af4522e5d003d78fb3f640b
Banbury-Don Mills (42),-79.3409210158811,43.73511850435992,29,2014-01-01,2017-12-31,"Toronto Police Service Bicycle Thefts Open Data; median of event coordinates within the frozen training period (training-period estimate, not an official centroid)",bicycle.csv sha256:bd942a7bcbe33ba673b7fdec9b2ff2b747cb0d530af4522e5d003d78fb3f640b
Bathurst Manor (34),-79.45175843487672,43.75609728872373,20,2014-01-01,2017-12-31,"Toronto Police Service Bicycle Thefts Open Data; median of event coordinates within the frozen training period (training-period estimate, not an official centroid)",bicycle.csv sha256:bd942a7bcbe33ba673b7fdec9b2ff2b747cb0d530af4522e5d003d78fb3f640b
Bay Street Corridor (76),-79.38436854475557,43.65730879641258,1154,2014-01-01,2017-12-31,"Toronto Police Service Bicycle Thefts Open Data; median of event coordinates within the frozen training period (training-period estimate, not an official centroid)",bicycle.csv sha256:bd942a7bcbe33ba673b7fdec9b2ff2b747cb0d530af4522e5d003d78fb3f640b
Bayview Village (52),-79.38403601743099,43.769051789694494,56,2014-01-01,2017-12-31,"Toronto Police Service Bicycle Thefts Open Data; median of event coordinates within the frozen training period (training-period estimate, not an official centroid)",bicycle.csv sha256:bd942a7bcbe33ba673b7fdec9b2ff2b747cb0d530af4522e5d003d78fb3f640b
Bayview Woods-Steeles (49),-79.3743681512798,43.797822785562154,8,2014-01-01,2017-12-31,"Toronto Police Service Bicycle Thefts Open Data; median of event coordinates within the frozen training period (training-period estimate, not an official centroid)",bicycle.csv sha256:bd942a7bcbe33ba673b7fdec9b2ff2b747cb0d530af4522e5d003d78fb3f640b
Bedford Park-Nortown (39),-79.42125788351791,43.72757981721193,50,2014-01-01,2017-12-31,"Toronto Police Service Bicycle Thefts Open Data; median of event coordinates within the frozen training period (training-period estimate, not an official centroid)",bicycle.csv sha256:bd942a7bcbe33ba673b7fdec9b2ff2b747cb0d530af4522e5d003d78fb3f640b
Beechborough-Greenbrook (112),-79.4744663865561,43.691508083029944,7,2014-01-01,2017-12-31,"Toronto Police Service Bicycle Thefts Open Data; median of event coordinates within the frozen training period (training-period estimate, not an official centroid)",bicycle.csv sha256:bd942a7bcbe33ba673b7fdec9b2ff2b747cb0d530af4522e5d003d78fb3f640b
Bendale (127),-79.26046315357324,43.76293076745831,57,2014-01-01,2017-12-31,"Toronto Police Service Bicycle Thefts Open Data; median of event coordinates within the frozen training period (training-period estimate, not an official centroid)",bicycle.csv sha256:bd942a7bcbe33ba673b7fdec9b2ff2b747cb0d530af4522e5d003d78fb3f640b
Birchcliffe-Cliffside (122),-79.27062357025366,43.69131003372983,67,2014-01-01,2017-12-31,"Toronto Police Service Bicycle Thefts Open Data; median of event coordinates within the frozen training period (training-period estimate, not an official centroid)",bicycle.csv sha256:bd942a7bcbe33ba673b7fdec9b2ff2b747cb0d530af4522e5d003d78fb3f640b
Black Creek (24),-79.51869671361172,43.76523138519309,24,2014-01-01,2017-12-31,"Toronto Police Service Bicycle Thefts Open Data; median of event coordinates within the frozen training period (training-period estimate, not an official centroid)",bicycle.csv sha256:bd942a7bcbe33ba673b7fdec9b2ff2b747cb0d530af4522e5d003d78fb3f640b
Blake-Jones (69),-79.3394451105104,43.67664416992363,54,2014-01-01,2017-12-31,"Toronto Police Service Bicycle Thefts Open Data; median of event coordinates within the frozen training period (training-period estimate, not an official centroid)",bicycle.csv sha256:bd942a7bcbe33ba673b7fdec9b2ff2b747cb0d530af4522e5d003d78fb3f640b
Briar Hill-Belgravia (108),-79.445578280552,43.699313061287725,47,2014-01-01,2017-12-31,"Toronto Police Service Bicycle Thefts Open Data; median of event coordinates within the frozen training period (training-period estimate, not an official centroid)",bicycle.csv sha256:bd942a7bcbe33ba673b7fdec9b2ff2b747cb0d530af4522e5d003d78fb3f640b
Bridle Path-Sunnybrook-York Mills (41),-79.38366396163413,43.72516179918022,21,2014-01-01,2017-12-31,"Toronto Police Service Bicycle Thefts Open Data; median of event coordinates within the frozen training period (training-period estimate, not an official centroid)",bicycle.csv sha256:bd942a7bcbe33ba673b7fdec9b2ff2b747cb0d530af4522e5d003d78fb3f640b
Broadview North (57),-79.35364911130229,43.683932870884654,39,2014-01-01,2017-12-31,"Toronto Police Service Bicycle Thefts Open Data; median of event coordinates within the frozen training period (training-period estimate, not an official centroid)",bicycle.csv sha256:bd942a7bcbe33ba673b7fdec9b2ff2b747cb0d530af4522e5d003d78fb3f640b
Brookhaven-Amesbury (30),-79.49015206607174,43.69942696476651,19,2014-01-01,2017-12-31,"Toronto Police Service Bicycle Thefts Open Data; median of event coordinates within the frozen training period (training-period estimate, not an official centroid)",bicycle.csv sha256:bd942a7bcbe33ba673b7fdec9b2ff2b747cb0d530af4522e5d003d78fb3f640b
Cabbagetown-South St.James Town (71),-79.36975340775743,43.66521290431659,250,2014-01-01,2017-12-31,"Toronto Police Service Bicycle Thefts Open Data; median of event coordinates within the frozen training period (training-period estimate, not an official centroid)",bicycle.csv sha256:bd942a7bcbe33ba673b7fdec9b2ff2b747cb0d530af4522e5d003d78fb3f640b
Caledonia-Fairbank (109),-79.4517849962554,43.690036179158305,12,2014-01-01,2017-12-31,"Toronto Police Service Bicycle Thefts Open Data; median of event coordinates within the frozen training period (training-period estimate, not an official centroid)",bicycle.csv sha256:bd942a7bcbe33ba673b7fdec9b2ff2b747cb0d530af4522e5d003d78fb3f640b
Casa Loma (96),-79.40864864037756,43.67955392863041,64,2014-01-01,2017-12-31,"Toronto Police Service Bicycle Thefts Open Data; median of event coordinates within the frozen training period (training-period estimate, not an official centroid)",bicycle.csv sha256:bd942a7bcbe33ba673b7fdec9b2ff2b747cb0d530af4522e5d003d78fb3f640b
Centennial Scarborough (133),-79.15053423026679,43.780757885389185,13,2014-01-01,2017-12-31,"Toronto Police Service Bicycle Thefts Open Data; median of event coordinates within the frozen training period (training-period estimate, not an official centroid)",bicycle.csv sha256:bd942a7bcbe33ba673b7fdec9b2ff2b747cb0d530af4522e5d003d78fb3f640b
Church-Yonge Corridor (75),-79.37956284727365,43.66018909929288,981,2014-01-01,2017-12-31,"Toronto Police Service Bicycle Thefts Open Data; median of event coordinates within the frozen training period (training-period estimate, not an official centroid)",bicycle.csv sha256:bd942a7bcbe33ba673b7fdec9b2ff2b747cb0d530af4522e5d003d78fb3f640b
Clairlea-Birchmount (120),-79.28672506823307,43.709414591668256,67,2014-01-01,2017-12-31,"Toronto Police Service Bicycle Thefts Open Data; median of event coordinates within the frozen training period (training-period estimate, not an official centroid)",bicycle.csv sha256:bd942a7bcbe33ba673b7fdec9b2ff2b747cb0d530af4522e5d003d78fb3f640b
Clanton Park (33),-79.44643447690169,43.74149776462126,17,2014-01-01,2017-12-31,"Toronto Police Service Bicycle Thefts Open Data; median of event coordinates within the frozen training period (training-period estimate, not an official centroid)",bicycle.csv sha256:bd942a7bcbe33ba673b7fdec9b2ff2b747cb0d530af4522e5d003d78fb3f640b
Cliffcrest (123),-79.23329029919245,43.72191819765982,24,2014-01-01,2017-12-31,"Toronto Police Service Bicycle Thefts Open Data; median of event coordinates within the frozen training period (training-period estimate, not an official centroid)",bicycle.csv sha256:bd942a7bcbe33ba673b7fdec9b2ff2b747cb0d530af4522e5d003d78fb3f640b
Corso Italia-Davenport (92),-79.4427553703874,43.67658111935704,42,2014-01-01,2017-12-31,"Toronto Police Service Bicycle Thefts Open Data; median of event coordinates within the frozen training period (training-period estimate, not an official centroid)",bicycle.csv sha256:bd942a7bcbe33ba673b7fdec9b2ff2b747cb0d530af4522e5d003d78fb3f640b
Danforth (66),-79.33065782618279,43.682847803276616,59,2014-01-01,2017-12-31,"Toronto Police Service Bicycle Thefts Open Data; median of event coordinates within the frozen training period (training-period estimate, not an official centroid)",bicycle.csv sha256:bd942a7bcbe33ba673b7fdec9b2ff2b747cb0d530af4522e5d003d78fb3f640b
Danforth East York (59),-79.3313092800722,43.69082681262244,38,2014-01-01,2017-12-31,"Toronto Police Service Bicycle Thefts Open Data; median of event coordinates within the frozen training period (training-period estimate, not an official centroid)",bicycle.csv sha256:bd942a7bcbe33ba673b7fdec9b2ff2b747cb0d530af4522e5d003d78fb3f640b
Don Valley Village (47),-79.35240298959988,43.77988611135725,20,2014-01-01,2017-12-31,"Toronto Police Service Bicycle Thefts Open Data; median of event coordinates within the frozen training period (training-period estimate, not an official centroid)",bicycle.csv sha256:bd942a7bcbe33ba673b7fdec9b2ff2b747cb0d530af4522e5d003d78fb3f640b
Dorset Park (126),-79.28077525994308,43.75528945083431,16,2014-01-01,2017-12-31,"Toronto Police Service Bicycle Thefts Open Data; median of event coordinates within the frozen training period (training-period estimate, not an official centroid)",bicycle.csv sha256:bd942a7bcbe33ba673b7fdec9b2ff2b747cb0d530af4522e5d003d78fb3f640b
Dovercourt-Wallace Emerson-Junction (93),-79.43778332382438,43.66463002065643,362,2014-01-01,2017-12-31,"Toronto Police Service Bicycle Thefts Open Data; median of event coordinates within the frozen training period (training-period estimate, not an official centroid)",bicycle.csv sha256:bd942a7bcbe33ba673b7fdec9b2ff2b747cb0d530af4522e5d003d78fb3f640b
Downsview-Roding-CFB (26),-79.4835940990325,43.727986861303435,45,2014-01-01,2017-12-31,"Toronto Police Service Bicycle Thefts Open Data; median of event coordinates within the frozen training period (training-period estimate, not an official centroid)",bicycle.csv sha256:bd942a7bcbe33ba673b7fdec9b2ff2b747cb0d530af4522e5d003d78fb3f640b
Dufferin Grove (83),-79.4370618209781,43.65521640563446,145,2014-01-01,2017-12-31,"Toronto Police Service Bicycle Thefts Open Data; median of event coordinates within the frozen training period (training-period estimate, not an official centroid)",bicycle.csv sha256:bd942a7bcbe33ba673b7fdec9b2ff2b747cb0d530af4522e5d003d78fb3f640b
East End-Danforth (62),-79.30055625233094,43.68572312555001,176,2014-01-01,2017-12-31,"Toronto Police Service Bicycle Thefts Open Data; median of event coordinates within the frozen training period (training-period estimate, not an official centroid)",bicycle.csv sha256:bd942a7bcbe33ba673b7fdec9b2ff2b747cb0d530af4522e5d003d78fb3f640b
Edenbridge-Humber Valley (9),-79.52023309003076,43.66557816852869,30,2014-01-01,2017-12-31,"Toronto Police Service Bicycle Thefts Open Data; median of event coordinates within the frozen training period (training-period estimate, not an official centroid)",bicycle.csv sha256:bd942a7bcbe33ba673b7fdec9b2ff2b747cb0d530af4522e5d003d78fb3f640b
Eglinton East (138),-79.24473615792672,43.73991827916189,11,2014-01-01,2017-12-31,"Toronto Police Service Bicycle Thefts Open Data; median of event coordinates within the frozen training period (training-period estimate, not an official centroid)",bicycle.csv sha256:bd942a7bcbe33ba673b7fdec9b2ff2b747cb0d530af4522e5d003d78fb3f640b
Elms-Old Rexdale (5),-79.55208772185198,43.71927285915033,10,2014-01-01,2017-12-31,"Toronto Police Service Bicycle Thefts Open Data; median of event coordinates within the frozen training period (training-period estimate, not an official centroid)",bicycle.csv sha256:bd942a7bcbe33ba673b7fdec9b2ff2b747cb0d530af4522e5d003d78fb3f640b
Englemount-Lawrence (32),-79.43712596977969,43.7204676607881,57,2014-01-01,2017-12-31,"Toronto Police Service Bicycle Thefts Open Data; median of event coordinates within the frozen training period (training-period estimate, not an official centroid)",bicycle.csv sha256:bd942a7bcbe33ba673b7fdec9b2ff2b747cb0d530af4522e5d003d78fb3f640b
Eringate-Centennial-West Deane (11),-79.57787073233334,43.65860025717794,15,2014-01-01,2017-12-31,"Toronto Police Service Bicycle Thefts Open Data; median of event coordinates within the frozen training period (training-period estimate, not an official centroid)",bicycle.csv sha256:bd942a7bcbe33ba673b7fdec9b2ff2b747cb0d530af4522e5d003d78fb3f640b
Etobicoke West Mall (13),-79.5678030787646,43.64190931147644,15,2014-01-01,2017-12-31,"Toronto Police Service Bicycle Thefts Open Data; median of event coordinates within the frozen training period (training-period estimate, not an official centroid)",bicycle.csv sha256:bd942a7bcbe33ba673b7fdec9b2ff2b747cb0d530af4522e5d003d78fb3f640b
Flemingdon Park (44),-79.33198682919883,43.71530756444098,32,2014-01-01,2017-12-31,"Toronto Police Service Bicycle Thefts Open Data; median of event coordinates within the frozen training period (training-period estimate, not an official centroid)",bicycle.csv sha256:bd942a7bcbe33ba673b7fdec9b2ff2b747cb0d530af4522e5d003d78fb3f640b
Forest Hill North (102),-79.43346069412912,43.70194436532484,80,2014-01-01,2017-12-31,"Toronto Police Service Bicycle Thefts Open Data; median of event coordinates within the frozen training period (training-period estimate, not an official centroid)",bicycle.csv sha256:bd942a7bcbe33ba673b7fdec9b2ff2b747cb0d530af4522e5d003d78fb3f640b
Forest Hill South (101),-79.41299883590433,43.6890600119443,37,2014-01-01,2017-12-31,"Toronto Police Service Bicycle Thefts Open Data; median of event coordinates within the frozen training period (training-period estimate, not an official centroid)",bicycle.csv sha256:bd942a7bcbe33ba673b7fdec9b2ff2b747cb0d530af4522e5d003d78fb3f640b
Glenfield-Jane Heights (25),-79.50908241975385,43.74806287596809,61,2014-01-01,2017-12-31,"Toronto Police Service Bicycle Thefts Open Data; median of event coordinates within the frozen training period (training-period estimate, not an official centroid)",bicycle.csv sha256:bd942a7bcbe33ba673b7fdec9b2ff2b747cb0d530af4522e5d003d78fb3f640b
Greenwood-Coxwell (65),-79.32392461588157,43.67182578504262,104,2014-01-01,2017-12-31,"Toronto Police Service Bicycle Thefts Open Data; median of event coordinates within the frozen training period (training-period estimate, not an official centroid)",bicycle.csv sha256:bd942a7bcbe33ba673b7fdec9b2ff2b747cb0d530af4522e5d003d78fb3f640b
Guildwood (140),-79.1987335919193,43.747914590059,13,2014-01-01,2017-12-31,"Toronto Police Service Bicycle Thefts Open Data; median of event coordinates within the frozen training period (training-period estimate, not an official centroid)",bicycle.csv sha256:bd942a7bcbe33ba673b7fdec9b2ff2b747cb0d530af4522e5d003d78fb3f640b
Henry Farm (53),-79.34642185767248,43.76957681680956,10,2014-01-01,2017-12-31,"Toronto Police Service Bicycle Thefts Open Data; median of event coordinates within the frozen training period (training-period estimate, not an official centroid)",bicycle.csv sha256:bd942a7bcbe33ba673b7fdec9b2ff2b747cb0d530af4522e5d003d78fb3f640b
High Park North (88),-79.4652298180643,43.65722103912335,180,2014-01-01,2017-12-31,"Toronto Police Service Bicycle Thefts Open Data; median of event coordinates within the frozen training period (training-period estimate, not an official centroid)",bicycle.csv sha256:bd942a7bcbe33ba673b7fdec9b2ff2b747cb0d530af4522e5d003d78fb3f640b
High Park-Swansea (87),-79.4648159122912,43.64453199862067,131,2014-01-01,2017-12-31,"Toronto Police Service Bicycle Thefts Open Data; median of event coordinates within the frozen training period (training-period estimate, not an official centroid)",bicycle.csv sha256:bd942a7bcbe33ba673b7fdec9b2ff2b747cb0d530af4522e5d003d78fb3f640b
Highland Creek (134),-79.18452149622338,43.786273991320705,42,2014-01-01,2017-12-31,"Toronto Police Service Bicycle Thefts Open Data; median of event coordinates within the frozen training period (training-period estimate, not an official centroid)",bicycle.csv sha256:bd942a7bcbe33ba673b7fdec9b2ff2b747cb0d530af4522e5d003d78fb3f640b
Hillcrest Village (48),-79.35806283641195,43.79960270136573,18,2014-01-01,2017-12-31,"Toronto Police Service Bicycle Thefts Open Data; median of event coordinates within the frozen training period (training-period estimate, not an official centroid)",bicycle.csv sha256:bd942a7bcbe33ba673b7fdec9b2ff2b747cb0d530af4522e5d003d78fb3f640b
Humber Heights-Westmount (8),-79.51864457298561,43.69564007439048,8,2014-01-01,2017-12-31,"Toronto Police Service Bicycle Thefts Open Data; median of event coordinates within the frozen training period (training-period estimate, not an official centroid)",bicycle.csv sha256:bd942a7bcbe33ba673b7fdec9b2ff2b747cb0d530af4522e5d003d78fb3f640b
Humber Summit (21),-79.56057763521508,43.75362439798188,19,2014-01-01,2017-12-31,"Toronto Police Service Bicycle Thefts Open Data; median of event coordinates within the frozen training period (training-period estimate, not an official centroid)",bicycle.csv sha256:bd942a7bcbe33ba673b7fdec9b2ff2b747cb0d530af4522e5d003d78fb3f640b
Humbermede (22),-79.54521679307662,43.74787608113298,13,2014-01-01,2017-12-31,"Toronto Police Service Bicycle Thefts Open Data; median of event coordinates within the frozen training period (training-period estimate, not an official centroid)",bicycle.csv sha256:bd942a7bcbe33ba673b7fdec9b2ff2b747cb0d530af4522e5d003d78fb3f640b
Humewood-Cedarvale (106),-79.42603840921164,43.68908389632168,108,2014-01-01,2017-12-31,"Toronto Police Service Bicycle Thefts Open Data; median of event coordinates within the frozen training period (training-period estimate, not an official centroid)",bicycle.csv sha256:bd942a7bcbe33ba673b7fdec9b2ff2b747cb0d530af4522e5d003d78fb3f640b
Ionview (125),-79.2682783103958,43.73299077700163,6,2014-01-01,2017-12-31,"Toronto Police Service Bicycle Thefts Open Data; median of event coordinates within the frozen training period (training-period estimate, not an official centroid)",bicycle.csv sha256:bd942a7bcbe33ba673b7fdec9b2ff2b747cb0d530af4522e5d003d78fb3f640b
Islington-City Centre West (14),-79.53678079261083,43.641361915813675,89,2014-01-01,2017-12-31,"Toronto Police Service Bicycle Thefts Open Data; median of event coordinates within the frozen training period (training-period estimate, not an official centroid)",bicycle.csv sha256:bd942a7bcbe33ba673b7fdec9b2ff2b747cb0d530af4522e5d003d78fb3f640b
Junction Area (90),-79.46892477498491,43.6655394100211,94,2014-01-01,2017-12-31,"Toronto Police Service Bicycle Thefts Open Data; median of event coordinates within the frozen training period (training-period estimate, not an official centroid)",bicycle.csv sha256:bd942a7bcbe33ba673b7fdec9b2ff2b747cb0d530af4522e5d003d78fb3f640b
Keelesdale-Eglinton West (110),-79.47055790633043,43.68391780141048,16,2014-01-01,2017-12-31,"Toronto Police Service Bicycle Thefts Open Data; median of event coordinates within the frozen training period (training-period estimate, not an official centroid)",bicycle.csv sha256:bd942a7bcbe33ba673b7fdec9b2ff2b747cb0d530af4522e5d003d78fb3f640b
Kennedy Park (124),-79.25874986465229,43.728410786674374,22,2014-01-01,2017-12-31,"Toronto Police Service Bicycle Thefts Open Data; median of event coordinates within the frozen training period (training-period estimate, not an official centroid)",bicycle.csv sha256:bd942a7bcbe33ba673b7fdec9b2ff2b747cb0d530af4522e5d003d78fb3f640b
Kensington-Chinatown (78),-79.3967980354919,43.65388049459246,479,2014-01-01,2017-12-31,"Toronto Police Service Bicycle Thefts Open Data; median of event coordinates within the frozen training period (training-period estimate, not an official centroid)",bicycle.csv sha256:bd942a7bcbe33ba673b7fdec9b2ff2b747cb0d530af4522e5d003d78fb3f640b
Kingsview Village-The Westway (6),-79.54911503533694,43.69584358136977,12,2014-01-01,2017-12-31,"Toronto Police Service Bicycle Thefts Open Data; median of event coordinates within the frozen training period (training-period estimate, not an official centroid)",bicycle.csv sha256:bd942a7bcbe33ba673b7fdec9b2ff2b747cb0d530af4522e5d003d78fb3f640b
Kingsway South (15),-79.51086459422443,43.65032283055947,53,2014-01-01,2017-12-31,"Toronto Police Service Bicycle Thefts Open Data; median of event coordinates within the frozen training period (training-period estimate, not an official centroid)",bicycle.csv sha256:bd942a7bcbe33ba673b7fdec9b2ff2b747cb0d530af4522e5d003d78fb3f640b
L'Amoreaux (117),-79.3201008921114,43.79636378659849,21,2014-01-01,2017-12-31,"Toronto Police Service Bicycle Thefts Open Data; median of event coordinates within the frozen training period (training-period estimate, not an official centroid)",bicycle.csv sha256:bd942a7bcbe33ba673b7fdec9b2ff2b747cb0d530af4522e5d003d78fb3f640b
Lambton Baby Point (114),-79.49452130561747,43.65593529844182,26,2014-01-01,2017-12-31,"Toronto Police Service Bicycle Thefts Open Data; median of event coordinates within the frozen training period (training-period estimate, not an official centroid)",bicycle.csv sha256:bd942a7bcbe33ba673b7fdec9b2ff2b747cb0d530af4522e5d003d78fb3f640b
Lansing-Westgate (38),-79.41222964417364,43.761840287387486,28,2014-01-01,2017-12-31,"Toronto Police Service Bicycle Thefts Open Data; median of event coordinates within the frozen training period (training-period estimate, not an official centroid)",bicycle.csv sha256:bd942a7bcbe33ba673b7fdec9b2ff2b747cb0d530af4522e5d003d78fb3f640b
Lawrence Park North (105),-79.40643053379212,43.72768097403552,51,2014-01-01,2017-12-31,"Toronto Police Service Bicycle Thefts Open Data; median of event coordinates within the frozen training period (training-period estimate, not an official centroid)",bicycle.csv sha256:bd942a7bcbe33ba673b7fdec9b2ff2b747cb0d530af4522e5d003d78fb3f640b
Lawrence Park South (103),-79.41020212544387,43.72248127246825,47,2014-01-01,2017-12-31,"Toronto Police Service Bicycle Thefts Open Data; median of event coordinates within the frozen training period (training-period estimate, not an official centroid)",bicycle.csv sha256:bd942a7bcbe33ba673b7fdec9b2ff2b747cb0d530af4522e5d003d78fb3f640b
Leaside-Bennington (56),-79.36756549485442,43.70630335329757,101,2014-01-01,2017-12-31,"Toronto Police Service Bicycle Thefts Open Data; median of event coordinates within the frozen training period (training-period estimate, not an official centroid)",bicycle.csv sha256:bd942a7bcbe33ba673b7fdec9b2ff2b747cb0d530af4522e5d003d78fb3f640b
Little Portugal (84),-79.42637552454019,43.64409148964972,202,2014-01-01,2017-12-31,"Toronto Police Service Bicycle Thefts Open Data; median of event coordinates within the frozen training period (training-period estimate, not an official centroid)",bicycle.csv sha256:bd942a7bcbe33ba673b7fdec9b2ff2b747cb0d530af4522e5d003d78fb3f640b
Long Branch (19),-79.53237502113143,43.591006620404656,48,2014-01-01,2017-12-31,"Toronto Police Service Bicycle Thefts Open Data; median of event coordinates within the frozen training period (training-period estimate, not an official centroid)",bicycle.csv sha256:bd942a7bcbe33ba673b7fdec9b2ff2b747cb0d530af4522e5d003d78fb3f640b
Malvern (132),-79.22095167470565,43.80455499438271,29,2014-01-01,2017-12-31,"Toronto Police Service Bicycle Thefts Open Data; median of event coordinates within the frozen training period (training-period estimate, not an official centroid)",bicycle.csv sha256:bd942a7bcbe33ba673b7fdec9b2ff2b747cb0d530af4522e5d003d78fb3f640b
Maple Leaf (29),-79.4843756407544,43.718225646439535,3,2014-01-01,2017-12-31,"Toronto Police Service Bicycle Thefts Open Data; median of event coordinates within the frozen training period (training-period estimate, not an official centroid)",bicycle.csv sha256:bd942a7bcbe33ba673b7fdec9b2ff2b747cb0d530af4522e5d003d78fb3f640b
Markland Wood (12),-79.57650734129277,43.633689780366026,42,2014-01-01,2017-12-31,"Toronto Police Service Bicycle Thefts Open Data; median of event coordinates within the frozen training period (training-period estimate, not an official centroid)",bicycle.csv sha256:bd942a7bcbe33ba673b7fdec9b2ff2b747cb0d530af4522e5d003d78fb3f640b
Milliken (130),-79.28878321264463,43.82084812422136,9,2014-01-01,2017-12-31,"Toronto Police Service Bicycle Thefts Open Data; median of event coordinates within the frozen training period (training-period estimate, not an official centroid)",bicycle.csv sha256:bd942a7bcbe33ba673b7fdec9b2ff2b747cb0d530af4522e5d003d78fb3f640b
Mimico (includes Humber Bay Shores) (17),-79.48568571369577,43.62094188018773,162,2014-01-01,2017-12-31,"Toronto Police Service Bicycle Thefts Open Data; median of event coordinates within the frozen training period (training-period estimate, not an official centroid)",bicycle.csv sha256:bd942a7bcbe33ba673b7fdec9b2ff2b747cb0d530af4522e5d003d78fb3f640b
Morningside (135),-79.20335964084892,43.78544794442794,12,2014-01-01,2017-12-31,"Toronto Police Service Bicycle Thefts Open Data; median of event coordinates within the frozen training period (training-period estimate, not an official centroid)",bicycle.csv sha256:bd942a7bcbe33ba673b7fdec9b2ff2b747cb0d530af4522e5d003d78fb3f640b
Moss Park (73),-79.36913295325593,43.65425609335975,451,2014-01-01,2017-12-31,"Toronto Police Service Bicycle Thefts Open Data; median of event coordinates within the frozen training period (training-period estimate, not an official centroid)",bicycle.csv sha256:bd942a7bcbe33ba673b7fdec9b2ff2b747cb0d530af4522e5d003d78fb3f640b
Mount Dennis (115),-79.48946593742998,43.68565859464735,12,2014-01-01,2017-12-31,"Toronto Police Service Bicycle Thefts Open Data; median of event coordinates within the frozen training period (training-period estimate, not an official centroid)",bicycle.csv sha256:bd942a7bcbe33ba673b7fdec9b2ff2b747cb0d530af4522e5d003d78fb3f640b
Mount Olive-Silverstone-Jamestown (2),-79.58577617904946,43.74325917379369,33,2014-01-01,2017-12-31,"Toronto Police Service Bicycle Thefts Open Data; median of event coordinates within the frozen training period (training-period estimate, not an official centroid)",bicycle.csv sha256:bd942a7bcbe33ba673b7fdec9b2ff2b747cb0d530af4522e5d003d78fb3f640b
Mount Pleasant East (99),-79.38525136980005,43.70699758566823,76,2014-01-01,2017-12-31,"Toronto Police Service Bicycle Thefts Open Data; median of event coordinates within the frozen training period (training-period estimate, not an official centroid)",bicycle.csv sha256:bd942a7bcbe33ba673b7fdec9b2ff2b747cb0d530af4522e5d003d78fb3f640b
Mount Pleasant West (104),-79.39441924813381,43.705281018271585,137,2014-01-01,2017-12-31,"Toronto Police Service Bicycle Thefts Open Data; median of event coordinates within the frozen training period (training-period estimate, not an official centroid)",bicycle.csv sha256:bd942a7bcbe33ba673b7fdec9b2ff2b747cb0d530af4522e5d003d78fb3f640b
New Toronto (18),-79.50819536860408,43.60067938873378,35,2014-01-01,2017-12-31,"Toronto Police Service Bicycle Thefts Open Data; median of event coordinates within the frozen training period (training-period estimate, not an official centroid)",bicycle.csv sha256:bd942a7bcbe33ba673b7fdec9b2ff2b747cb0d530af4522e5d003d78fb3f640b
Newtonbrook East (50),-79.4155662486542,43.782773804672864,37,2014-01-01,2017-12-31,"Toronto Police Service Bicycle Thefts Open Data; median of event coordinates within the frozen training period (training-period estimate, not an official centroid)",bicycle.csv sha256:bd942a7bcbe33ba673b7fdec9b2ff2b747cb0d530af4522e5d003d78fb3f640b
Newtonbrook West (36),-79.42082573006313,43.78444945871987,90,2014-01-01,2017-12-31,"Toronto Police Service Bicycle Thefts Open Data; median of event coordinates within the frozen training period (training-period estimate, not an official centroid)",bicycle.csv sha256:bd942a7bcbe33ba673b7fdec9b2ff2b747cb0d530af4522e5d003d78fb3f640b
Niagara (82),-79.40825413058062,43.639170480800686,469,2014-01-01,2017-12-31,"Toronto Police Service Bicycle Thefts Open Data; median of event coordinates within the frozen training period (training-period estimate, not an official centroid)",bicycle.csv sha256:bd942a7bcbe33ba673b7fdec9b2ff2b747cb0d530af4522e5d003d78fb3f640b
North Riverdale (68),-79.34942497640164,43.67320424441098,107,2014-01-01,2017-12-31,"Toronto Police Service Bicycle Thefts Open Data; median of event coordinates within the frozen training period (training-period estimate, not an official centroid)",bicycle.csv sha256:bd942a7bcbe33ba673b7fdec9b2ff2b747cb0d530af4522e5d003d78fb3f640b
North St.James Town (74),-79.37622315570079,43.66924040879271,233,2014-01-01,2017-12-31,"Toronto Police Service Bicycle Thefts Open Data; median of event coordinates within the frozen training period (training-period estimate, not an official centroid)",bicycle.csv sha256:bd942a7bcbe33ba673b7fdec9b2ff2b747cb0d530af4522e5d003d78fb3f640b
O'Connor-Parkview (54),-79.30295705711893,43.707394189060395,36,2014-01-01,2017-12-31,"Toronto Police Service Bicycle Thefts Open Data; median of event coordinates within the frozen training period (training-period estimate, not an official centroid)",bicycle.csv sha256:bd942a7bcbe33ba673b7fdec9b2ff2b747cb0d530af4522e5d003d78fb3f640b
Oakridge (121),-79.28580476562132,43.69338422103418,44,2014-01-01,2017-12-31,"Toronto Police Service Bicycle Thefts Open Data; median of event coordinates within the frozen training period (training-period estimate, not an official centroid)",bicycle.csv sha256:bd942a7bcbe33ba673b7fdec9b2ff2b747cb0d530af4522e5d003d78fb3f640b
Oakwood Village (107),-79.43992214652974,43.693163772618576,66,2014-01-01,2017-12-31,"Toronto Police Service Bicycle Thefts Open Data; median of event coordinates within the frozen training period (training-period estimate, not an official centroid)",bicycle.csv sha256:bd942a7bcbe33ba673b7fdec9b2ff2b747cb0d530af4522e5d003d78fb3f640b
Old East York (58),-79.33971322725657,43.69468655917457,14,2014-01-01,2017-12-31,"Toronto Police Service Bicycle Thefts Open Data; median of event coordinates within the frozen training period (training-period estimate, not an official centroid)",bicycle.csv sha256:bd942a7bcbe33ba673b7fdec9b2ff2b747cb0d530af4522e5d003d78fb3f640b
Palmerston-Little Italy (80),-79.41607073008583,43.65977590713319,203,2014-01-01,2017-12-31,"Toronto Police Service Bicycle Thefts Open Data; median of event coordinates within the frozen training period (training-period estimate, not an official centroid)",bicycle.csv sha256:bd942a7bcbe33ba673b7fdec9b2ff2b747cb0d530af4522e5d003d78fb3f640b
Parkwoods-Donalda (45),-79.32857716506125,43.75401452181123,34,2014-01-01,2017-12-31,"Toronto Police Service Bicycle Thefts Open Data; median of event coordinates within the frozen training period (training-period estimate, not an official centroid)",bicycle.csv sha256:bd942a7bcbe33ba673b7fdec9b2ff2b747cb0d530af4522e5d003d78fb3f640b
Pelmo Park-Humberlea (23),-79.53452633259599,43.71053804014776,5,2014-01-01,2017-12-31,"Toronto Police Service Bicycle Thefts Open Data; median of event coordinates within the frozen training period (training-period estimate, not an official centroid)",bicycle.csv sha256:bd942a7bcbe33ba673b7fdec9b2ff2b747cb0d530af4522e5d003d78fb3f640b
Playter Estates-Danforth (67),-79.35537498775473,43.678037843577414,61,2014-01-01,2017-12-31,"Toronto Police Service Bicycle Thefts Open Data; median of event coordinates within the frozen training period (training-period estimate, not an official centroid)",bicycle.csv sha256:bd942a7bcbe33ba673b7fdec9b2ff2b747cb0d530af4522e5d003d78fb3f640b
Pleasant View (46),-79.33169496448295,43.78880674789264,5,2014-01-01,2017-12-31,"Toronto Police Service Bicycle Thefts Open Data; median of event coordinates within the frozen training period (training-period estimate, not an official centroid)",bicycle.csv sha256:bd942a7bcbe33ba673b7fdec9b2ff2b747cb0d530af4522e5d003d78fb3f640b
Princess-Rosethorn (10),-79.54278218831497,43.6664342839495,13,2014-01-01,2017-12-31,"Toronto Police Service Bicycle Thefts Open Data; median of event coordinates within the frozen training period (training-period estimate, not an official centroid)",bicycle.csv sha256:bd942a7bcbe33ba673b7fdec9b2ff2b747cb0d530af4522e5d003d78fb3f640b
Regent Park (72),-79.36178286088128,43.65943439853815,140,2014-01-01,2017-12-31,"Toronto Police Service Bicycle Thefts Open Data; median of event coordinates within the frozen training period (training-period estimate, not an official centroid)",bicycle.csv sha256:bd942a7bcbe33ba673b7fdec9b2ff2b747cb0d530af4522e5d003d78fb3f640b
Rexdale-Kipling (4),-79.56943957685264,43.726549256380395,5,2014-01-01,2017-12-31,"Toronto Police Service Bicycle Thefts Open Data; median of event coordinates within the frozen training period (training-period estimate, not an official centroid)",bicycle.csv sha256:bd942a7bcbe33ba673b7fdec9b2ff2b747cb0d530af4522e5d003d78fb3f640b
Rockcliffe-Smythe (111),-79.49193279998173,43.67234248080122,44,2014-01-01,2017-12-31,"Toronto Police Service Bicycle Thefts Open Data; median of event coordinates within the frozen training period (training-period estimate, not an official centroid)",bicycle.csv sha256:bd942a7bcbe33ba673b7fdec9b2ff2b747cb0d530af4522e5d003d78fb3f640b
Roncesvalles (86),-79.44277811907274,43.64370439603947,169,2014-01-01,2017-12-31,"Toronto Police Service Bicycle Thefts Open Data; median of event coordinates within the frozen training period (training-period estimate, not an official centroid)",bicycle.csv sha256:bd942a7bcbe33ba673b7fdec9b2ff2b747cb0d530af4522e5d003d78fb3f640b
Rosedale-Moore Park (98),-79.38462305095243,43.67502671420579,225,2014-01-01,2017-12-31,"Toronto Police Service Bicycle Thefts Open Data; median of event coordinates within the frozen training period (training-period estimate, not an official centroid)",bicycle.csv sha256:bd942a7bcbe33ba673b7fdec9b2ff2b747cb0d530af4522e5d003d78fb3f640b
Rouge (131),-79.13309434834144,43.78938806538385,38,2014-01-01,2017-12-31,"Toronto Police Service Bicycle Thefts Open Data; median of event coordinates within the frozen training period (training-period estimate, not an official centroid)",bicycle.csv sha256:bd942a7bcbe33ba673b7fdec9b2ff2b747cb0d530af4522e5d003d78fb3f640b
Runnymede-Bloor West Village (89),-79.48480851655415,43.65975616827931,77,2014-01-01,2017-12-31,"Toronto Police Service Bicycle Thefts Open Data; median of event coordinates within the frozen training period (training-period estimate, not an official centroid)",bicycle.csv sha256:bd942a7bcbe33ba673b7fdec9b2ff2b747cb0d530af4522e5d003d78fb3f640b
Rustic (28),-79.50024894268427,43.70839284643953,5,2014-01-01,2017-12-31,"Toronto Police Service Bicycle Thefts Open Data; median of event coordinates within the frozen training period (training-period estimate, not an official centroid)",bicycle.csv sha256:bd942a7bcbe33ba673b7fdec9b2ff2b747cb0d530af4522e5d003d78fb3f640b
Scarborough Village (139),-79.22121647737255,43.74178808353859,13,2014-01-01,2017-12-31,"Toronto Police Service Bicycle Thefts Open Data; median of event coordinates within the frozen training period (training-period estimate, not an official centroid)",bicycle.csv sha256:bd942a7bcbe33ba673b7fdec9b2ff2b747cb0d530af4522e5d003d78fb3f640b
South Parkdale (85),-79.43087572304012,43.63836538756867,124,2014-01-01,2017-12-31,"Toronto Police Service Bicycle Thefts Open Data; median of event coordinates within the frozen training period (training-period estimate, not an official centroid)",bicycle.csv sha256:bd942a7bcbe33ba673b7fdec9b2ff2b747cb0d530af4522e5d003d78fb3f640b
South Riverdale (70),-79.34033408773206,43.66227352160024,403,2014-01-01,2017-12-31,"Toronto Police Service Bicycle Thefts Open Data; median of event coordinates within the frozen training period (training-period estimate, not an official centroid)",bicycle.csv sha256:bd942a7bcbe33ba673b7fdec9b2ff2b747cb0d530af4522e5d003d78fb3f640b
St.Andrew-Windfields (40),-79.39807496057622,43.75295000125709,22,2014-01-01,2017-12-31,"Toronto Police Service Bicycle Thefts Open Data; median of event coordinates within the frozen training period (training-period estimate, not an official centroid)",bicycle.csv sha256:bd942a7bcbe33ba673b7fdec9b2ff2b747cb0d530af4522e5d003d78fb3f640b
Steeles (116),-79.32254019689177,43.815065444286134,11,2014-01-01,2017-12-31,"Toronto Police Service Bicycle Thefts Open Data; median of event coordinates within the frozen training period (training-period estimate, not an official centroid)",bicycle.csv sha256:bd942a7bcbe33ba673b7fdec9b2ff2b747cb0d530af4522e5d003d78fb3f640b
Stonegate-Queensway (16),-79.50687874894817,43.63678476785418,46,2014-01-01,2017-12-31,"Toronto Police Service Bicycle Thefts Open Data; median of event coordinates within the frozen training period (training-period estimate, not an official centroid)",bicycle.csv sha256:bd942a7bcbe33ba673b7fdec9b2ff2b747cb0d530af4522e5d003d78fb3f640b
Tam O'Shanter-Sullivan (118),-79.29346258821549,43.78211963627784,12,2014-01-01,2017-12-31,"Toronto Police Service Bicycle Thefts Open Data; median of event coordinates within the frozen training period (training-period estimate, not an official centroid)",bicycle.csv sha256:bd942a7bcbe33ba673b7fdec9b2ff2b747cb0d530af4522e5d003d78fb3f640b
Taylor-Massey (61),-79.29495186057909,43.692458919227406,32,2014-01-01,2017-12-31,"Toronto Police Service Bicycle Thefts Open Data; median of event coordinates within the frozen training period (training-period estimate, not an official centroid)",bicycle.csv sha256:bd942a7bcbe33ba673b7fdec9b2ff2b747cb0d530af4522e5d003d78fb3f640b
The Beaches (63),-79.30297553719052,43.66875560841342,191,2014-01-01,2017-12-31,"Toronto Police Service Bicycle Thefts Open Data; median of event coordinates within the frozen training period (training-period estimate, not an official centroid)",bicycle.csv sha256:bd942a7bcbe33ba673b7fdec9b2ff2b747cb0d530af4522e5d003d78fb3f640b
Thistletown-Beaumond Heights (3),-79.5659329290065,43.73754827301803,10,2014-01-01,2017-12-31,"Toronto Police Service Bicycle Thefts Open Data; median of event coordinates within the frozen training period (training-period estimate, not an official centroid)",bicycle.csv sha256:bd942a7bcbe33ba673b7fdec9b2ff2b747cb0d530af4522e5d003d78fb3f640b
Thorncliffe Park (55),-79.35448121100222,43.71036836631147,40,2014-01-01,2017-12-31,"Toronto Police Service Bicycle Thefts Open Data; median of event coordinates within the frozen training period (training-period estimate, not an official centroid)",bicycle.csv sha256:bd942a7bcbe33ba673b7fdec9b2ff2b747cb0d530af4522e5d003d78fb3f640b
Trinity-Bellwoods (81),-79.41373927922925,43.65087049509186,214,2014-01-01,2017-12-31,"Toronto Police Service Bicycle Thefts Open Data; median of event coordinates within the frozen training period (training-period estimate, not an official centroid)",bicycle.csv sha256:bd942a7bcbe33ba673b7fdec9b2ff2b747cb0d530af4522e5d003d78fb3f640b
University (79),-79.39982104056267,43.66254295263539,502,2014-01-01,2017-12-31,"Toronto Police Service Bicycle Thefts Open Data; median of event coordinates within the frozen training period (training-period estimate, not an official centroid)",bicycle.csv sha256:bd942a7bcbe33ba673b7fdec9b2ff2b747cb0d530af4522e5d003d78fb3f640b
Victoria Village (43),-79.3128138518101,43.72684844443762,8,2014-01-01,2017-12-31,"Toronto Police Service Bicycle Thefts Open Data; median of event coordinates within the frozen training period (training-period estimate, not an official centroid)",bicycle.csv sha256:bd942a7bcbe33ba673b7fdec9b2ff2b747cb0d530af4522e5d003d78fb3f640b
Waterfront Communities-The Island (77),-79.38919773860151,43.64473008383375,1406,2014-01-01,2017-12-31,"Toronto Police Service Bicycle Thefts Open Data; median of event coordinates within the frozen training period (training-period estimate, not an official centroid)",bicycle.csv sha256:bd942a7bcbe33ba673b7fdec9b2ff2b747cb0d530af4522e5d003d78fb3f640b
West Hill (136),-79.18284860837016,43.76769079627477,71,2014-01-01,2017-12-31,"Toronto Police Service Bicycle Thefts Open Data; median of event coordinates within the frozen training period (training-period estimate, not an official centroid)",bicycle.csv sha256:bd942a7bcbe33ba673b7fdec9b2ff2b747cb0d530af4522e5d003d78fb3f640b
West Humber-Clairville (1),-79.60420741329722,43.73006355433667,50,2014-01-01,2017-12-31,"Toronto Police Service Bicycle Thefts Open Data; median of event coordinates within the frozen training period (training-period estimate, not an official centroid)",bicycle.csv sha256:bd942a7bcbe33ba673b7fdec9b2ff2b747cb0d530af4522e5d003d78fb3f640b
Westminster-Branson (35),-79.44807552904417,43.781743102812335,44,2014-01-01,2017-12-31,"Toronto Police Service Bicycle Thefts Open Data; median of event coordinates within the frozen training period (training-period estimate, not an official centroid)",bicycle.csv sha256:bd942a7bcbe33ba673b7fdec9b2ff2b747cb0d530af4522e5d003d78fb3f640b
Weston (113),-79.5165855480493,43.702833758307314,29,2014-01-01,2017-12-31,"Toronto Police Service Bicycle Thefts Open Data; median of event coordinates within the frozen training period (training-period estimate, not an official centroid)",bicycle.csv sha256:bd942a7bcbe33ba673b7fdec9b2ff2b747cb0d530af4522e5d003d78fb3f640b
Weston-Pelham Park (91),-79.45875842314518,43.67071482937652,39,2014-01-01,2017-12-31,"Toronto Police Service Bicycle Thefts Open Data; median of event coordinates within the frozen training period (training-period estimate, not an official centroid)",bicycle.csv sha256:bd942a7bcbe33ba673b7fdec9b2ff2b747cb0d530af4522e5d003d78fb3f640b
Wexford/Maryvale (119),-79.30050366891615,43.74264083383781,41,2014-01-01,2017-12-31,"Toronto Police Service Bicycle Thefts Open Data; median of event coordinates within the frozen training period (training-period estimate, not an official centroid)",bicycle.csv sha256:bd942a7bcbe33ba673b7fdec9b2ff2b747cb0d530af4522e5d003d78fb3f640b
Willowdale East (51),-79.410074781475,43.76524478810602,135,2014-01-01,2017-12-31,"Toronto Police Service Bicycle Thefts Open Data; median of event coordinates within the frozen training period (training-period estimate, not an official centroid)",bicycle.csv sha256:bd942a7bcbe33ba673b7fdec9b2ff2b747cb0d530af4522e5d003d78fb3f640b
Willowdale West (37),-79.41563035776022,43.77061463226557,90,2014-01-01,2017-12-31,"Toronto Police Service Bicycle Thefts Open Data; median of event coordinates within the frozen training period (training-period estimate, not an official centroid)",bicycle.csv sha256:bd942a7bcbe33ba673b7fdec9b2ff2b747cb0d530af4522e5d003d78fb3f640b
Willowridge-Martingrove-Richview (7),-79.55960317676033,43.68486812894035,18,2014-01-01,2017-12-31,"Toronto Police Service Bicycle Thefts Open Data; median of event coordinates within the frozen training period (training-period estimate, not an official centroid)",bicycle.csv sha256:bd942a7bcbe33ba673b7fdec9b2ff2b747cb0d530af4522e5d003d78fb3f640b
Woburn (137),-79.22656387770975,43.76289989874722,53,2014-01-01,2017-12-31,"Toronto Police Service Bicycle Thefts Open Data; median of event coordinates within the frozen training period (training-period estimate, not an official centroid)",bicycle.csv sha256:bd942a7bcbe33ba673b7fdec9b2ff2b747cb0d530af4522e5d003d78fb3f640b
Woodbine Corridor (64),-79.31407054230695,43.67581440173363,67,2014-01-01,2017-12-31,"Toronto Police Service Bicycle Thefts Open Data; median of event coordinates within the frozen training period (training-period estimate, not an official centroid)",bicycle.csv sha256:bd942a7bcbe33ba673b7fdec9b2ff2b747cb0d530af4522e5d003d78fb3f640b
Woodbine-Lumsden (60),-79.31039264658962,43.69145821847367,17,2014-01-01,2017-12-31,"Toronto Police Service Bicycle Thefts Open Data; median of event coordinates within the frozen training period (training-period estimate, not an official centroid)",bicycle.csv sha256:bd942a7bcbe33ba673b7fdec9b2ff2b747cb0d530af4522e5d003d78fb3f640b
Wychwood (94),-79.42710542937913,43.6784532168336,101,2014-01-01,2017-12-31,"Toronto Police Service Bicycle Thefts Open Data; median of event coordinates within the frozen training period (training-period estimate, not an official centroid)",bicycle.csv sha256:bd942a7bcbe33ba673b7fdec9b2ff2b747cb0d530af4522e5d003d78fb3f640b
Yonge-Eglinton (100),-79.40102373824469,43.70674080495774,73,2014-01-01,2017-12-31,"Toronto Police Service Bicycle Thefts Open Data; median of event coordinates within the frozen training period (training-period estimate, not an official centroid)",bicycle.csv sha256:bd942a7bcbe33ba673b7fdec9b2ff2b747cb0d530af4522e5d003d78fb3f640b
Yonge-St.Clair (97),-79.39834065134646,43.689263791751046,54,2014-01-01,2017-12-31,"Toronto Police Service Bicycle Thefts Open Data; median of event coordinates within the frozen training period (training-period estimate, not an official centroid)",bicycle.csv sha256:bd942a7bcbe33ba673b7fdec9b2ff2b747cb0d530af4522e5d003d78fb3f640b
York University Heights (27),-79.49891755560928,43.76657476817609,102,2014-01-01,2017-12-31,"Toronto Police Service Bicycle Thefts Open Data; median of event coordinates within the frozen training period (training-period estimate, not an official centroid)",bicycle.csv sha256:bd942a7bcbe33ba673b7fdec9b2ff2b747cb0d530af4522e5d003d78fb3f640b
Yorkdale-Glen Park (31),-79.45130621630454,43.714348256200424,52,2014-01-01,2017-12-31,"Toronto Police Service Bicycle Thefts Open Data; median of event coordinates within the frozen training period (training-period estimate, not an official centroid)",bicycle.csv sha256:bd942a7bcbe33ba673b7fdec9b2ff2b747cb0d530af4522e5d003d78fb3f640b
